1,2,95.37601011992969,-19.311759391500658,-4.98576,-0.64723,187.52098
1,3,95.20697464317091,-19.420787438336497,-5.01345,-0.65722,187.54142
1,4,94.97781681928096,-19.416312380158043,-5.04115,-0.66787,187.56874
1,5,94.75167179734332,-19.432186187394056,-5.06822,-0.6798,187.57475
1,6,94.60563533294777,-19.440968005972273,-5.09392,-0.69206,187.59542
1,7,94.47262213023808,-19.45510373481618,-5.118,-0.70476,187.60593
1,8,94.11881654701317,-19.394008499938256,-5.13996,-0.71742,187.62503
1,9,93.9820999418329,-19.49827061092708,-5.1598,-0.7297,187.65808
1,10,93.78003154779692,-19.625027591561725,-5.17714,-0.74073,187.70169
1,11,93.60238622959739,-19.61952894136029,-5.19204,-0.74986,187.75512
1,12,93.291144178003,-19.629291631641387,-5.2047,-0.75768,187.79643
1,13,93.1573068934225,-19.682788451178865,-5.21513,-0.76512,187.82204
1,14,92.8392805898738,-19.671205558542354,-5.22341,-0.77271,187.82401
1,15,92.74666165858496,-19.663573016768808,-5.2298,-0.78048,187.84063
1,16,92.47806607304938,-19.67423284978777,-5.23461,-0.78821,187.86653
1,17,92.23070670295863,-19.72600352937475,-5.2383,-0.79549,187.88577
1,18,92.02237241573887,-19.905706628903406,-5.24055,-0.80277,187.86975
1,19,91.8817780715178,-19.878840778785722,-5.24144,-0.8104,187.85564
1,20,91.59124525236756,-19.819678478361972,-5.24114,-0.81851,187.86079
1,21,91.3315758064153,-19.944130513201085,-5.23981,-0.82684,187.87452
1,22,91.21537923689881,-19.990187668484484,-5.23777,-0.83483,187.89361
1,23,90.97663356252588,-19.99550238153781,-5.23508,-0.84207,187.92339
1,24,90.76898509624355,-19.99554984996538,-5.23156,-0.84808,187.96911
1,25,90.52729800018386,-20.009450202815184,-5.22761,-0.85288,188.01692
1,26,90.3431274498349,-20.073842111701865,-5.22369,-0.85656,188.06326
1,27,90.16377307921249,-20.135598130187056,-5.22005,-0.85929,188.11702
1,28,89.96927181081479,-20.186012823944303,-5.21684,-0.86085,188.1779
1,29,89.87823653196696,-20.132425190033267,-5.21385,-0.86132,188.25194
1,30,89.57528865680027,-20.226182487380044,-5.21148,-0.86063,188.32373
1,31,89.33982140144413,-20.245667107552197,-5.20972,-0.85895,188.39035
1,32,89.17957946424254,-20.347462581700896,-5.20805,-0.85637,188.4298
1,33,88.86248637554641,-20.18596754359593,-5.20691,-0.85348,188.44872
1,34,88.64509028505853,-20.41654528081128,-5.20632,-0.85069,188.47987
1,35,88.50073505847126,-20.2750109168642,-5.20628,-0.84846,188.51471
1,36,88.3089329680918,-20.356480349400023,-5.20634,-0.8466,188.5404
1,37,88.13361364455393,-20.429776356390814,-5.20651,-0.8448,188.57142
1,38,87.9292471903777,-20.444259226321673,-5.20696,-0.84391,188.6014
1,39,87.80796494006502,-20.483629127462883,-5.20747,-0.84352,188.64043
1,40,87.47872023038828,-20.567729989830468,-5.20786,-0.84381,188.66492
1,41,87.34744620099355,-20.54201450134697,-5.20811,-0.84424,188.71887
1,42,87.0494941607123,-20.61781091642737,-5.20847,-0.84536,188.75792
1,43,86.87388052121717,-20.624398503531673,-5.20869,-0.84695,188.7992
1,44,86.68570789214127,-20.54109786242832,-5.20848,-0.84921,188.85018
1,45,86.35798948371372,-20.60701990321463,-5.20804,-0.85227,188.91919
1,46,86.2530057934135,-20.722657099651965,-5.20732,-0.85655,189.01054
1,47,85.94319931240182,-20.759970274021846,-5.20647,-0.86176,189.11771
1,48,85.7887047072454,-20.85178261783918,-5.20553,-0.86787,189.24802
1,49,85.52413062389907,-20.846247048785823,-5.2044,-0.87498,189.38424
1,50,85.3588560690334,-20.78785145533851,-5.20305,-0.88337,189.51941
1,51,85.13606609798451,-20.854085483285655,-5.20125,-0.89253,189.65198
1,52,85.02310952747119,-20.894168804012292,-5.19917,-0.90243,189.786
1,53,84.80270503159545,-20.967267821185573,-5.19706,-0.91317,189.92198
1,54,84.62049229577066,-21.101595094023725,-5.19467,-0.92411,190.04128
1,55,84.31655709203419,-21.047831556131655,-5.19239,-0.93554,190.16632
1,56,84.11382052021767,-21.10951801971903,-5.19034,-0.94779,190.27732
1,57,83.87488968457522,-21.18876643581699,-5.18823,-0.96008,190.36808
1,58,83.75394768290623,-21.19049388684703,-5.18647,-0.97217,190.43773
1,59,83.53823807172023,-21.275514856337928,-5.18479,-0.98412,190.50002
1,60,83.21910116240872,-21.232509588148748,-5.18309,-0.99565,190.56903
1,61,83.0771816208086,-21.271690827395116,-5.18126,-1.0069,190.642
1,62,82.8793381039191,-21.336303923758145,-5.17928,-1.01804,190.70898
1,63,82.7382024868134,-21.431046984948303,-5.17689,-1.02919,190.77551
1,64,82.54049069021656,-21.517996315552022,-5.17473,-1.03992,190.82727
1,65,82.23174694035343,-21.44137309487648,-5.17271,-1.05036,190.88154
1,66,82.0463403480374,-21.519598877513264,-5.17085,-1.06067,190.94289
1,67,81.87125458129837,-21.65054043379961,-5.16919,-1.07132,191.02991
1,68,81.67247572194258,-21.588635394214176,-5.16753,-1.08272,191.14931
1,69,81.44284124859405,-21.765651733524965,-5.16618,-1.09499,191.28093
1,70,81.21636535340005,-21.719304549620134,-5.16522,-1.10814,191.40212
1,71,80.94272971434923,-21.73172836597612,-5.16449,-1.12207,191.54103
1,72,80.79312310781053,-21.697343043929475,-5.16386,-1.137,191.68287
1,73,80.61348748036835,-21.759280502663945,-5.16332,-1.15307,191.82849
1,74,80.47844921491712,-21.8578929921541,-5.16282,-1.16925,191.95369
1,75,80.16031491311591,-21.91181943424803,-5.16215,-1.18579,192.08755
1,76,80.01257433457603,-21.982708032381726,-5.16134,-1.20215,192.21036
1,77,79.69861527378295,-22.075029911658405,-5.16011,-1.21795,192.33903
1,78,79.59027578464116,-22.05141278213925,-5.15852,-1.23345,192.46735
1,79,79.44151024358648,-22.06641485806755,-5.15671,-1.24905,192.60297
1,80,79.20235413443484,-22.170350744197187,-5.15463,-1.26467,192.74453
1,81,78.99712903325924,-22.2534885664057,-5.15224,-1.28039,192.89249
1,82,78.69893901983934,-22.3128684761098,-5.14958,-1.29649,193.05088
1,83,78.54405911087278,-22.294060527504442,-5.1466,-1.31274,193.20546
1,84,78.3234165166815,-22.34310313178676,-5.14358,-1.32903,193.36859
1,85,78.18957857285075,-22.439695881448223,-5.14082,-1.34556,193.52105
1,86,77.93646957345207,-22.49972090371618,-5.13825,-1.36223,193.65553
1,87,77.7046946556103,-22.603359589967237,-5.13539,-1.37869,193.79786
1,88,77.5702506075638,-22.645381833168393,-5.13258,-1.39458,193.93629
1,89,77.26666852282463,-22.602006203252238,-5.12987,-1.40954,194.08118
1,90,77.0520734676233,-22.67864089392197,-5.12741,-1.42322,194.21203
1,91,76.92590035290209,-22.73618822578085,-5.12507,-1.43529,194.34474
1,92,76.7209847847418,-22.81867186913618,-5.12302,-1.44629,194.48543
1,93,76.49433216398783,-22.922554476917316,-5.12094,-1.45655,194.63681
1,94,76.36415818141293,-22.833409035302314,-5.11857,-1.46618,194.80193
1,95,76.15931959028252,-22.930952311860075,-5.11603,-1.47527,194.96431
1,96,75.81621092724434,-23.12748662965741,-5.11356,-1.48385,195.10485
1,97,75.70302057062968,-23.128467258345946,-5.11086,-1.49191,195.22373
1,98,75.44840330708787,-23.21245757858029,-5.10804,-1.49966,195.35342
1,99,75.35840028993024,-23.213002848164102,-5.1051,-1.50698,195.49239
1,100,75.04131470648075,-23.346529261536517,-5.10161,-1.51383,195.62461
1,101,74.87457493316982,-23.313378953124552,-5.0974,-1.5204,195.7436
1,102,74.64858480317507,-23.407771717832883,-5.09262,-1.52673,195.87031
1,103,74.41954547939314,-23.433158747178073,-5.08697,-1.53253,196.00261
1,104,74.25797260419671,-23.500101662574867,-5.08046,-1.53776,196.13411
1,105,74.00490870692614,-23.523831043065464,-5.07322,-1.54253,196.25507
1,106,73.86332026941562,-23.703163399596008,-5.0652,-1.54666,196.3729
1,107,73.67166692693672,-23.702364901134516,-5.05629,-1.55001,196.47688
1,108,73.34177740357984,-23.822694586974187,-5.04674,-1.55249,196.57812
1,109,73.31404467901127,-23.869590634309905,-5.0365,-1.55411,196.6721
1,110,73.02670920226585,-23.902239293433475,-5.02565,-1.5547,196.75916
1,111,72.85461682260139,-24.008007130697763,-5.01438,-1.55417,196.84196
1,112,72.62348324957897,-24.06304362301868,-5.00245,-1.55254,196.90687
1,113,72.36569731725918,-24.06425813207895,-4.98963,-1.54973,196.95608
1,114,72.17246759802607,-24.132378878565333,-4.97589,-1.54571,197.00808
1,115,72.02050095491532,-24.27255810811981,-4.96126,-1.5407,197.04354
1,116,71.8380295630744,-24.290518861667035,-4.94623,-1.535,197.06673
1,117,71.73014781202066,-24.317518112939045,-4.93072,-1.52869,197.09168
1,118,71.43850956275145,-24.36185733932932,-4.91489,-1.52183,197.10651
1,119,71.15230889339325,-24.394040453692426,-4.89904,-1.51439,197.11997
1,120,71.0612125762524,-24.587568511656013,-4.8832,-1.50661,197.14762
1,121,70.88406979617288,-24.56578753241809,-4.86733,-1.49859,197.16748
1,122,70.61177204360175,-24.674758508701487,-4.85161,-1.49031,197.18816
1,123,70.5078869106569,-24.66572492764578,-4.836,-1.48197,197.20639
1,124,70.26520969567615,-24.756992736848265,-4.82057,-1.47349,197.21013
1,125,70.00807810176488,-24.731187639576092,-4.80561,-1.46494,197.19806
1,126,69.86928447325903,-24.852488863656873,-4.79133,-1.45627,197.1705
1,127,69.77689772171016,-24.95715262538617,-4.77755,-1.44763,197.14143
1,128,69.46720180477291,-24.961847509056813,-4.76441,-1.43882,197.10559
1,129,69.33611803134333,-25.119131252364898,-4.75209,-1.42996,197.06544
1,130,69.17158123691978,-25.05562963660003,-4.74068,-1.42104,197.01935
1,131,68.93597591259056,-25.170728046633336,-4.72993,-1.41213,196.97743
1,132,68.8339277215256,-25.262569544323394,-4.71982,-1.40294,196.92654
1,133,68.61034622583979,-25.280630262958354,-4.7102,-1.39346,196.86856
1,134,68.44948038849252,-25.337108424509708,-4.70107,-1.38358,196.81983
1,135,68.1562738731378,-25.347084634576472,-4.69224,-1.37322,196.77664
1,136,67.97338635512739,-25.335772350341543,-4.68378,-1.36224,196.72811
1,137,67.84705973429332,-25.5455447684892,-4.67558,-1.35081,196.67205
1,138,67.5183124098837,-25.58537035237474,-4.66773,-1.33942,196.61062
1,139,67.42886677355888,-25.628392711884146,-4.65995,-1.32806,196.54721
1,140,67.26214979494544,-25.6102837288833,-4.65204,-1.31664,196.48489
1,141,67.0768502164937,-25.766802970251316,-4.64428,-1.30507,196.41437
1,142,66.89411016341113,-25.766879570315073,-4.63626,-1.29314,196.3227
1,143,66.66586985817487,-25.875217673493115,-4.6293,-1.28088,196.23884
1,144,66.45887386249152,-25.865423306237243,-4.62446,-1.26877,196.14327
1,145,66.36117020612083,-25.9746161393679,-4.62155,-1.25674,196.04485
1,146,66.21809480919693,-25.989340716818205,-4.62036,-1.24462,195.94497
1,147,66.0020751447058,-25.864303525707996,-4.62029,-1.23233,195.85006
1,148,65.7961072040631,-26.016159459893437,-4.6212,-1.21986,195.74395
1,149,65.60560657833655,-26.121739555065986,-4.62257,-1.2068,195.62451
1,150,65.35997894269467,-26.01658585496918,-4.62368,-1.1927,195.50438
1,151,65.22526800758594,-26.195443866924478,-4.62447,-1.17771,195.37577
1,152,65.03858644927347,-26.225508482983468,-4.62477,-1.16196,195.22514
1,153,64.78861028834334,-26.312327064488503,-4.62407,-1.14529,195.07207
1,154,64.69600404361938,-26.266624122771997,-4.62191,-1.12786,194.91762
1,155,64.4962795420034,-26.408405729450045,-4.61807,-1.10939,194.7689
1,156,64.25993178961961,-26.42377455902356,-4.61278,-1.09013,194.62089
1,157,64.11122195452148,-26.395420575473015,-4.60584,-1.07024,194.46803
1,158,63.89920040532856,-26.555680545696525,-4.59665,-1.04963,194.31225
1,159,63.76350012400102,-26.5377648175887,-4.58482,-1.02817,194.14383
1,160,63.50117963100681,-26.594651575280512,-4.57051,-1.00589,193.97101
1,161,63.48089808123998,-26.605432385237705,-4.55342,-0.98266,193.79163
1,162,63.24528839336205,-26.662143354233596,-4.53325,-0.95815,193.60825
1,163,63.12685406803587,-26.634145321714527,-4.5103,-0.93213,193.38839
1,164,62.88610180851739,-26.66489190996403,-4.48487,-0.90448,193.13809
1,165,62.73423922422553,-26.799883804770758,-4.45696,-0.8755,192.85232
1,166,62.51189818571669,-26.83215289139818,-4.42534,-0.84511,192.57272
1,167,62.38190391467438,-26.92393184725077,-4.39053,-0.81393,192.26673
1,168,62.10392425219623,-26.930390524249884,-4.3517,-0.78225,191.96324
1,169,61.98837090046267,-26.97367588926341,-4.30662,-0.75038,191.67133
1,170,61.758667525228745,-27.008597980091988,-4.25499,-0.71844,191.39517
1,171,61.57914709589818,-27.000020989093084,-4.19735,-0.68683,191.12069
1,172,61.480958602105645,-26.953699701746586,-4.13447,-0.6561,190.85414
1,173,61.19942135641897,-27.023536640754052,-4.0666,-0.62684,190.60873
1,174,61.105615414123136,-26.998604979413013,-3.99402,-0.59942,190.39175
1,175,60.97380357965181,-27.09019211004279,-3.91709,-0.57402,190.18194
1,176,60.7723524964149,-27.201199998006594,-3.83619,-0.551,189.97483
1,177,60.61184147313611,-27.094301489716507,-3.75164,-0.53021,189.79489
1,178,60.502142816356226,-27.22052019066021,-3.664,-0.51151,189.64363
1,179,60.33699115181686,-27.101031086499784,-3.57384,-0.49422,189.50165
1,180,60.243590338179956,-27.278485652923823,-3.4817,-0.47776,189.36658
1,181,60.07664754393871,-27.185255098473323,-3.3882,-0.46155,189.23983
1,182,59.940845873766065,-27.234892100032432,-3.29373,-0.44512,189.09984
1,183,59.82543005238958,-27.20078137569707,-3.19852,-0.42812,188.94812
1,184,59.732436428255276,-27.294755064024642,-3.10272,-0.41033,188.7797
1,185,59.54122231219582,-27.226004444946547,-3.00645,-0.39169,188.62003
1,186,59.405469817783604,-27.285510966559436,-2.90992,-0.3723,188.46593
1,187,59.33164984462244,-27.276852960525094,-2.81311,-0.35239,188.31241
1,188,59.189306937835276,-27.300595248031737,-2.71631,-0.33203,188.15554
1,189,59.07548324048175,-27.34036915791572,-2.61975,-0.31139,187.99445
1,190,59.077738304180585,-27.45253915502948,-2.52376,-0.29052,187.84851
1,191,58.912420959047715,-27.299941793470822,-2.42874,-0.2696,187.71738
1,192,58.8590941562663,-27.318872156007835,-2.33463,-0.24897,187.59231
1,193,58.72164172630058,-27.42638848164117,-2.24157,-0.2291,187.47693
1,194,58.64031574954059,-27.400402610897576,-2.14936,-0.2106,187.36827
1,195,58.60979087294213,-27.420297964860957,-2.05817,-0.19389,187.27751
1,196,58.42117342509035,-27.3547664614768,-1.96824,-0.1787,187.20851
1,197,58.35411222354983,-27.448590682372224,-1.87973,-0.16475,187.15721
1,198,58.36257563392427,-27.418499947431872,-1.7926,-0.15209,187.09913
1,199,58.1523530596512,-27.36167766652767,-1.70713,-0.1407,187.03601
1,200,58.20965514108687,-27.399054575116825,-1.62344,-0.13066,186.97372
1,201,58.10607316096145,-27.36859283690584,-1.54176,-0.12191,186.91497
1,202,58.00216610745228,-27.4676623936904,-1.46234,-0.11448,186.86192
1,203,57.9731014819568,-27.42535694840809,-1.3856,-0.1083,186.81343
1,204,57.948851386418454,-27.426793556410384,-1.31169,-0.10314,186.76516
1,205,57.909431245181175,-27.419195121771864,-1.24085,-0.09867,186.72497
1,206,57.85792406441579,-27.49804821128894,-1.17336,-0.0947,186.68774
1,207,57.80589319282184,-27.446219416661958,-1.10967,-0.09121,186.6468
1,208,57.746588486947125,-27.417988384330638,-1.04989,-0.08813,186.60468
1,209,57.7117981801472,-27.396914962999023,-0.99396,-0.08527,186.55896
1,210,57.71361280141201,-27.58388635504517,-0.94167,-0.08245,186.51218
1,211,57.636847939778434,-27.53370032135283,-0.89276,-0.07977,186.47116
1,212,57.5542784229689,-27.3831743608884,-0.84705,-0.07698,186.42342
1,213,57.603498325554284,-27.511261853689835,-0.80417,-0.07401,186.38135
1,214,57.538194490565985,-27.52192792035303,-0.76396,-0.07092,186.34428
1,215,57.44732914920282,-27.537834216032152,-0.72643,-0.06782,186.31199
1,216,57.60488441311292,-27.477567552936794,-0.69152,-0.06485,186.28147
1,217,57.439722695732385,-27.451287600378716,-0.65917,-0.06211,186.25743
1,218,57.43709429155617,-27.495889066315485,-0.62909,-0.05959,186.23774
1,219,57.385770596861164,-27.4094001826864,-0.60098,-0.05756,186.22548
1,220,57.38968896431207,-27.496221161008528,-0.57413,-0.05576,186.22117
1,221,57.35232061522774,-27.555041295574025,-0.5481,-0.05404,186.21588
1,222,57.41470252469109,-27.45977761456272,-0.52242,-0.05213,186.20024
1,223,57.23499063430226,-27.46600907690862,-0.49662,-0.04999,186.1821
1,224,57.34127356804949,-27.524820495133902,-0.47025,-0.04771,186.15508
1,225,57.28105706357575,-27.458001870317933,-0.44291,-0.0453,186.12321
1,226,57.26385662773855,-27.456931839644792,-0.41469,-0.04271,186.09596
1,227,57.34912295011821,-27.603975569581166,-0.38579,-0.03988,186.06198
1,228,57.209543312728364,-27.45167932980891,-0.35628,-0.03691,186.03607
1,229,57.18577206329607,-27.450068505725586,-0.32642,-0.03399,186.01362
1,230,57.21267584716828,-27.522715761975753,-0.29647,-0.03126,185.99394
1,231,57.085899375162015,-27.46107049904786,-0.26687,-0.02841,185.97752
1,232,57.19779679025701,-27.51194250908993,-0.23794,-0.0251,185.95921
1,233,57.19926622409698,-27.4541003542672,-0.20978,-0.02154,185.94266
1,234,57.17721914252779,-27.48383211424275,-0.18246,-0.01796,185.92902
1,235,57.18208348445737,-27.4839880578069,-0.15627,-0.01446,185.92206
1,236,57.08858466363794,-27.463533105792905,-0.13144,-0.01113,185.92135
1,237,57.150433810749426,-27.503646414692508,-0.10815,-0.00808,185.92488
1,238,57.26827470416979,-27.499848678088448,-0.08668,-0.00502,185.93105
1,239,57.18362129580765,-27.617205930186028,-0.06728,-0.00216,185.9431
1,240,57.0483010466202,-27.519991570538416,-0.05003,0.00027,185.95606
1,241,57.13601611855295,-27.456451692275266,-0.03494,0.00215,185.97273
1,242,57.121168908462856,-27.465454179017893,-0.02195,0.0035,185.98831
1,243,57.14038786417943,-27.55938959658842,-0.01094,0.00439,186.00089
1,244,57.11878512198752,-27.52543823501595,-0.00168,0.00488,186.01355
1,245,57.20706651225822,-27.49944821860688,0.00605,0.00507,186.02568
1,246,57.083528180643256,-27.493604420539654,0.01246,0.00505,186.03771
1,247,57.07654307874525,-27.56207464734879,0.01769,0.00495,186.04989
1,248,57.14575528463631,-27.519008107799873,0.02183,0.0048,186.06113
1,249,57.132705119286435,-27.48142208983138,0.02496,0.00463,186.07094
1,250,57.21015246644177,-27.443919008293516,0.02719,0.00447,186.08049
1,251,57.24126217599174,-27.632615191011734,0.02857,0.00435,186.0907
1,252,57.11293262721398,-27.491823328176316,0.02913,0.00413,186.10424
1,253,57.12670007249122,-27.489931303413872,0.02886,0.00385,186.11424
1,254,57.08546447761936,-27.482744442399397,0.02785,0.00356,186.12197
1,255,57.085774093493555,-27.506911864238376,0.02632,0.00327,186.12258
1,256,57.151726814128395,-27.574515212321987,0.02427,0.00301,186.12104
1,257,57.23794030065579,-27.52301507071193,0.02171,0.0027,186.11864
1,258,57.15725843339396,-27.56512842043307,0.01857,0.00238,186.11672
1,259,57.19313789551995,-27.475313539742295,0.01476,0.0021,186.11454
1,260,57.199262446989366,-27.539833572348428,0.01016,0.00186,186.11389
1,261,57.195949699007045,-27.491629180585335,0.00467,0.00166,186.11242
1,262,57.08949878191987,-27.559767843967443,-0.00181,0.00149,186.1076
1,263,57.11047343041104,-27.541441227340613,-0.00929,0.00108,186.102
1,264,57.05770363318834,-27.52096133955602,-0.01782,0.00042,186.09659
1,265,57.22955031232995,-27.449572343429214,-0.02725,-0.00042,186.08807
1,266,57.18659657684472,-27.55058776882727,-0.03761,-0.00145,186.08211
1,267,57.22625784622997,-27.51088722763725,-0.04901,-0.00266,186.07714
1,268,57.1863290732386,-27.55794642150633,-0.06157,-0.0041,186.07193
1,269,57.13649303196872,-27.458958415723096,-0.07529,-0.00578,186.06142
1,270,57.0838311901563,-27.576497278230264,-0.09012,-0.00766,186.05026
1,271,57.1190861855385,-27.489519442670957,-0.10601,-0.00972,186.04143
1,272,57.19297867219463,-27.443235219008628,-0.12289,-0.01189,186.03694
1,273,57.15207745779795,-27.469981523674875,-0.14064,-0.01411,186.03788
1,274,57.11101106949963,-27.455588238458922,-0.15922,-0.01632,186.04323
1,275,57.129950537420974,-27.449995898932393,-0.17846,-0.0185,186.0477
1,276,57.07474781108231,-27.370779767676943,-0.19814,-0.02059,186.05266
1,277,57.093106814937535,-27.417942597157403,-0.21793,-0.02257,186.05564
1,278,57.092281187759845,-27.561338042078294,-0.23792,-0.02444,186.05804
1,279,57.04092708966962,-27.432344800430386,-0.25807,-0.02622,186.06148
1,280,57.061602516923216,-27.53917226919485,-0.27856,-0.028,186.06939
1,281,57.10109227128755,-27.530214884883616,-0.29946,-0.02978,186.07985
1,282,57.045073441086615,-27.41784450373686,-0.32061,-0.03159,186.09566
1,283,57.036158161156614,-27.528683121108593,-0.34193,-0.03344,186.09818
1,284,57.04819553515406,-27.451524123918805,-0.3634,-0.03541,186.10147
1,285,56.919261995281445,-27.478777636643134,-0.38495,-0.03762,186.10209
1,286,56.976525503599916,-27.511532639390076,-0.40663,-0.04002,186.102
1,287,57.09630245579532,-27.545636367697416,-0.42831,-0.04236,186.11214
1,288,56.90863715469367,-27.464853150831274,-0.4498,-0.04463,186.11819
1,289,56.967301625842126,-27.523692404652255,-0.47114,-0.04675,186.12167
1,290,56.882977089495554,-27.488499308597735,-0.49222,-0.04878,186.11821
1,291,56.848793425151676,-27.593079675707138,-0.51302,-0.05071,186.11198
1,292,56.98391909541508,-27.535989393622824,-0.53344,-0.05254,186.09629
1,293,56.924683594612965,-27.48136803690002,-0.55335,-0.05426,186.07305
1,294,56.869442865246754,-27.5748120048484,-0.57242,-0.05593,186.04244
1,295,56.83408502909263,-27.526596681481223,-0.59066,-0.05741,186.0089
1,296,56.81513253351737,-27.536439690808006,-0.60814,-0.05874,185.97851
1,297,56.73674694516245,-27.5058283963177,-0.625,-0.05972,185.95431
1,298,56.80352000433029,-27.658430547028413,-0.64139,-0.06023,185.93859
1,299,56.758280852479906,-27.51002313089789,-0.65736,-0.0605,185.9202
1,300,56.67303555096922,-27.547041354962857,-0.67288,-0.06062,185.90561
1,301,56.642755492816384,-27.60860108875218,-0.68811,-0.06065,185.89636
1,302,56.58626720865457,-27.551740225071566,-0.70313,-0.06066,185.88107
1,303,56.510353847051995,-27.500628096195133,-0.71815,-0.06071,185.86432
1,304,56.55196621560977,-27.486281537394312,-0.73338,-0.06094,185.84829
1,305,56.58995267355354,-27.51470613901999,-0.749,-0.0614,185.83265
1,306,56.494917939557,-27.587942445853187,-0.76521,-0.06206,185.82112
1,307,56.51751456210394,-27.49506965125971,-0.78208,-0.06297,185.80986
1,308,56.41102122185697,-27.55264864882683,-0.79976,-0.06428,185.79856
1,309,56.3656082046141,-27.560766231805907,-0.81862,-0.06578,185.79514
1,310,56.355548411287316,-27.482541640171284,-0.83883,-0.06769,185.79603
1,311,56.31881327883775,-27.505579711155,-0.86069,-0.0702,185.79946
1,312,56.32116835466775,-27.548995593974077,-0.88431,-0.07308,185.81745
1,313,56.30040540398005,-27.629814069111113,-0.90972,-0.07637,185.82925
1,314,56.261482020866,-27.539924926727846,-0.93707,-0.07999,185.83595
1,315,56.3156248489094,-27.501986072515187,-0.96642,-0.08395,185.83887
1,316,56.144114853807956,-27.588355224915695,-0.99783,-0.08813,185.8385
1,317,56.14004526887238,-27.660059974453375,-1.03107,-0.09244,185.8338
1,318,56.09569935561147,-27.628331628743503,-1.06617,-0.09683,185.83076
1,319,56.0699259561672,-27.59192930133909,-1.1033,-0.10133,185.83535
1,320,55.97141119126932,-27.575132198965967,-1.14251,-0.10597,185.84055
1,321,55.92155987766548,-27.48627677654965,-1.18372,-0.11086,185.84263
1,322,55.85102234968019,-27.59622652137897,-1.22672,-0.11598,185.84664
1,323,55.89691812025132,-27.704603756723873,-1.27153,-0.12128,185.85435
1,324,55.75989773516084,-27.589532276759122,-1.31816,-0.12658,185.85811
1,325,55.703845182353106,-27.606208200261587,-1.36657,-0.13192,185.85013
1,326,55.7816560252482,-27.566286177310026,-1.41675,-0.13725,185.84003
1,327,55.62833594469904,-27.575811500005795,-1.46852,-0.14276,185.82986
1,328,55.609717693469605,-27.665655639803376,-1.5215,-0.14833,185.81578
1,329,55.565991459902826,-27.6263518455282,-1.5754,-0.15394,185.80451
1,330,55.510856336319826,-27.623053237024326,-1.63026,-0.15968,185.79077
1,331,55.3733277802903,-27.69078717456153,-1.68603,-0.16576,185.78173
1,332,55.27597554848522,-27.655548820347178,-1.74263,-0.17214,185.7776
1,333,55.23571573399635,-27.64868417101931,-1.79993,-0.17889,185.77865
1,334,55.231953885868144,-27.757214243601698,-1.85805,-0.18601,185.79396
1,335,55.1180268660847,-27.585805002458976,-1.9171,-0.19342,185.83084
1,336,55.089588029811246,-27.7417206212029,-1.97639,-0.20087,185.88767
1,337,54.899445065888735,-27.682890675415443,-2.03479,-0.20835,185.94929
1,338,54.831002539187075,-27.65024873124208,-2.0924,-0.21581,186.01417
1,339,54.74726321991898,-27.69574641299295,-2.1495,-0.22317,186.06718
1,340,54.65727396790324,-27.800059040718264,-2.20655,-0.2305,186.11858
1,341,54.54852461225276,-27.81816185199235,-2.26389,-0.23802,186.16754
1,342,54.492765271753974,-27.87702775246359,-2.32127,-0.2458,186.22118
1,343,54.38520039251308,-27.741721545394157,-2.3783,-0.25391,186.26614
1,344,54.298714638574296,-27.77109051332356,-2.43497,-0.26234,186.31264
1,345,54.1799347441725,-27.79043343700274,-2.49135,-0.27128,186.3491
1,346,54.050070416455306,-27.754515346720613,-2.54758,-0.28054,186.39746
1,347,54.04856359865049,-27.840403077689334,-2.60364,-0.29,186.44811
1,348,53.8858574539411,-27.827216191437373,-2.6595,-0.2994,186.49639
1,349,53.73692057852349,-27.81893501828935,-2.71499,-0.30879,186.54321
1,350,53.7743498439008,-27.797161354715456,-2.76991,-0.31831,186.5895
1,351,53.509306071174386,-27.853302975197685,-2.82419,-0.32781,186.63949
1,352,53.39355661884474,-27.872485536861014,-2.87772,-0.33719,186.6936
1,353,53.28956411600549,-27.90998151020723,-2.93058,-0.34661,186.74142
1,354,53.24740508097542,-27.957312354360106,-2.98249,-0.35586,186.78495
1,355,53.11553673592854,-27.876277088853296,-3.03352,-0.3649,186.82913
1,356,52.99905845413443,-27.872364677761073,-3.08369,-0.37364,186.88242
1,357,52.83198585927478,-27.868117661920067,-3.13303,-0.38204,186.94051
1,358,52.76855163154312,-27.997172696598618,-3.18162,-0.39027,187.00345
1,359,52.6251801348471,-27.977857532890255,-3.22956,-0.39866,187.06731
1,360,52.45831502014755,-28.03468586132056,-3.27664,-0.40735,187.12546
1,361,52.28928361090813,-27.957124327084635,-3.32295,-0.41651,187.18237
1,362,52.25191371721378,-28.056063055487368,-3.36854,-0.42639,187.2365
1,363,52.005544063142615,-27.98895720248593,-3.41344,-0.4367,187.29777
1,364,52.00212549431795,-28.05656006653135,-3.45769,-0.44733,187.37009
1,365,51.778485730530356,-28.03974565789682,-3.50125,-0.45824,187.4514
1,366,51.58749565384358,-28.1395108715797,-3.54395,-0.46936,187.53412
1,367,51.51019365248915,-28.188494958677545,-3.5857,-0.4806,187.61311
1,368,51.42335788495256,-28.272765825922594,-3.62639,-0.49195,187.68322
1,369,51.19053574855583,-28.116890042872907,-3.66598,-0.5035,187.73998
1,370,51.072772658546214,-28.252648710428595,-3.7045,-0.5152,187.79917
1,371,50.89769019026834,-28.116447908163394,-3.74191,-0.52719,187.8515
1,372,50.772736415075386,-28.206881637411758,-3.77839,-0.53938,187.91312
1,373,50.639791764580465,-28.255912396518703,-3.81379,-0.55174,187.97328
1,374,50.50732293558759,-28.299426567822735,-3.84806,-0.56441,188.04268
1,375,50.28069596682531,-28.21761688284247,-3.88127,-0.57758,188.11505
1,376,50.1550328894656,-28.356366019578044,-3.91345,-0.59132,188.18818
1,377,49.948747691879376,-28.30313446619906,-3.94486,-0.60532,188.26452
1,378,49.861136691290504,-28.452418030649092,-3.97551,-0.61961,188.34646
1,379,49.709709349903605,-28.377599909227143,-4.00511,-0.63413,188.43946
1,380,49.49946160335484,-28.479619340213254,-4.03346,-0.64886,188.5463
1,381,49.42365013163248,-28.3995882412223,-4.06014,-0.66378,188.66924
1,382,49.19828463464734,-28.424557556255223,-4.08513,-0.67843,188.80432
1,383,49.01136005352805,-28.565797612279724,-4.10866,-0.69281,188.94231
1,384,48.81590014312407,-28.488225558609752,-4.13067,-0.70683,189.09015
1,385,48.738423641987985,-28.57355943702155,-4.15132,-0.72055,189.24289
1,386,48.5679212065288,-28.513977043970783,-4.17073,-0.73406,189.39266
1,387,48.3162376284319,-28.635981248116682,-4.18903,-0.74735,189.52691
1,388,48.21684440934369,-28.57000298580627,-4.20625,-0.76033,189.65245
1,389,48.001264227090864,-28.70825451535406,-4.22244,-0.77268,189.77618
1,390,47.88833723161112,-28.635885749468866,-4.23742,-0.78455,189.89576
1,391,47.72269329134637,-28.738199152250544,-4.25095,-0.79574,190.02043
1,392,47.50339575939585,-28.788941114758995,-4.26294,-0.80648,190.15324
1,393,47.33083011085002,-28.78273758308988,-4.27348,-0.8171,190.28411
1,394,47.21729748227404,-28.759249404607928,-4.28218,-0.82783,190.41901
1,395,46.95769368462225,-28.895080613784682,-4.28887,-0.83862,190.54945
1,396,46.82757391562248,-28.830378954309325,-4.29358,-0.84947,190.67334
1,397,46.726463164459936,-28.84648378185849,-4.29651,-0.86041,190.80116
1,398,46.45597297848023,-28.91608718095341,-4.29807,-0.8711,190.93044
1,399,46.34646934999587,-28.967657129927805,-4.29848,-0.88154,191.05819
1,400,46.11069078425925,-28.900833907222086,-4.29774,-0.8917,191.1897
1,401,45.86963224679957,-29.08015175652107,-4.29605,-0.90154,191.31659
1,402,45.799217555410095,-29.143130942316112,-4.2938,-0.91102,191.44906
1,403,45.618735101103965,-29.064790202597763,-4.29117,-0.92003,191.572
1,404,45.441532217983834,-29.15680585246673,-4.28813,-0.92872,191.69223
1,405,45.29345481080012,-29.182996942416256,-4.28482,-0.9372,191.81693
1,406,45.102147918238956,-29.14000173015752,-4.28115,-0.94587,191.935
1,407,44.90499092894626,-29.31712501953687,-4.27726,-0.95472,192.0598
1,408,44.75321284968404,-29.346738477657997,-4.27353,-0.96371,192.18831
1,409,44.655460958748805,-29.356501837119612,-4.27016,-0.97267,192.32006
1,410,44.415569775615054,-29.407123505049412,-4.26712,-0.98166,192.45902
1,411,44.25677707671648,-29.436458395405857,-4.26459,-0.99068,192.59999
1,412,44.06982446155284,-29.37885359703872,-4.26261,-0.9996,192.74
1,413,43.93009663975142,-29.583268718577795,-4.26141,-1.00819,192.89142
1,414,43.72465484855002,-29.56325925295673,-4.2614,-1.01648,193.03276
1,415,43.61435381512909,-29.595596846319907,-4.26276,-1.02444,193.15694
1,416,43.40871830408999,-29.63801947864754,-4.26557,-1.03215,193.26199
1,417,43.198466135892566,-29.6878452974982,-4.27001,-1.03994,193.36081
1,418,43.04913774140935,-29.685529129565936,-4.27619,-1.04792,193.46202
1,419,42.898231317277556,-29.820308148424868,-4.28406,-1.05603,193.56016
1,420,42.72665684160529,-29.80013529748854,-4.29371,-1.06411,193.65246
1,421,42.5226989259115,-29.895617601076903,-4.30505,-1.0722,193.75134
1,422,42.47092336692455,-29.85294457885431,-4.31769,-1.08044,193.86364
1,423,42.18095485215268,-29.889346572068558,-4.33147,-1.08881,193.9752
1,424,42.05923773101946,-29.939438036705024,-4.34641,-1.09727,194.08251
1,425,41.88799916712034,-29.984065612056742,-4.36256,-1.10566,194.17745
1,426,41.730758597492105,-30.12677969707313,-4.38006,-1.11386,194.25964
1,427,41.473393748123186,-30.127531192374835,-4.39855,-1.1218,194.33488
1,428,41.27528076755504,-30.133206794231267,-4.41773,-1.12945,194.39818
1,429,41.177830702938074,-30.267313282611674,-4.43729,-1.13708,194.45304
1,430,40.96875995275303,-30.25455557040983,-4.45701,-1.14471,194.49238
1,431,40.86547845387082,-30.333119698533032,-4.47676,-1.15224,194.53083
1,432,40.71855560322557,-30.312427072886443,-4.49639,-1.15965,194.57635
1,433,40.456696675810164,-30.359707824840967,-4.51572,-1.16693,194.62483
1,434,40.277091976078154,-30.46268343475208,-4.53469,-1.17412,194.67211
1,435,40.03876364179854,-30.503433821361426,-4.55307,-1.18138,194.73473
1,436,39.822916399640405,-30.533135887186624,-4.5707,-1.18871,194.80488
1,437,39.7246437045373,-30.548927973693022,-4.58769,-1.1961,194.87442
1,438,39.50447318233834,-30.722524096188664,-4.6043,-1.20368,194.94478
1,439,39.43144105197433,-30.717523367760187,-4.62074,-1.21124,195.00881
1,440,39.184480430292176,-30.70005581948461,-4.6372,-1.21862,195.06285
1,441,39.01545085701731,-30.672071277491213,-4.65372,-1.22568,195.11146
1,442,38.824548624068704,-30.74409432364493,-4.67018,-1.2326,195.16278
1,443,38.58474861198272,-30.993972316299534,-4.6866,-1.23922,195.20574
1,444,38.521678702855944,-31.012025368524778,-4.70299,-1.2456,195.24758
1,445,38.164702750022585,-31.036433542136518,-4.71946,-1.25181,195.28482
1,446,38.00540233849059,-30.893124378588848,-4.73586,-1.25782,195.30727
1,447,37.86348594098686,-31.058625912767198,-4.75207,-1.26369,195.33491
1,448,37.61291002939515,-31.21362628819092,-4.76832,-1.26953,195.34952
1,449,37.4725136703359,-31.209153448418437,-4.78469,-1.27528,195.35864
1,450,37.30468183686878,-31.139597280599695,-4.80107,-1.28107,195.37911
1,451,37.11133232282109,-31.175839828584568,-4.81751,-1.2867,195.40105
1,452,37.01889210769513,-31.332039762474945,-4.83403,-1.29207,195.42579
1,453,36.7547030276243,-31.35519629969906,-4.85037,-1.2972,195.44062
1,454,36.536204556086275,-31.4229955451179,-4.86661,-1.30205,195.45893
1,455,36.26439937859884,-31.511078419934883,-4.88281,-1.30634,195.48645
1,456,36.20465045389786,-31.582775812888322,-4.89911,-1.30993,195.53012
1,457,36.04386452035246,-31.62093460998678,-4.91541,-1.31273,195.58228
1,458,35.70671021808027,-31.588115284058645,-4.93148,-1.31465,195.63393
1,459,35.51733037910308,-31.658564542193595,-4.94734,-1.31569,195.64793
1,460,35.31505238354655,-31.771767416014068,-4.96183,-1.3155,195.61149
1,461,35.17614434881959,-31.804828418846373,-4.97619,-1.31435,195.55787
1,462,34.911679705489824,-31.899063288326765,-4.99055,-1.31227,195.51316
1,463,34.64642146787186,-31.937406489896713,-5.00511,-1.30934,195.4685
1,464,34.45402913179784,-32.03252200127052,-5.01988,-1.30571,195.41257
1,465,34.34558531644577,-31.995963914224266,-5.03477,-1.30157,195.33747
1,466,34.18018433313778,-32.136889111019116,-5.04961,-1.29718,195.25035
1,467,33.90001093739373,-32.129060608243655,-5.06433,-1.29269,195.16696
1,468,33.751941265586105,-32.101596084799525,-5.0787,-1.28811,195.08843
1,469,33.55181530085243,-32.15763205770603,-5.09268,-1.28337,195.00884
1,470,33.29317557010512,-32.29770531959168,-5.10636,-1.27831,194.92743
1,471,33.084003060131955,-32.36198071221688,-5.11966,-1.27304,194.83738
1,472,32.865145258128756,-32.304041955397096,-5.13234,-1.26745,194.74967
1,473,32.751795738896384,-32.51043691270728,-5.14449,-1.26153,194.67703
1,474,32.47395070558764,-32.45291117339105,-5.15595,-1.25535,194.59682
1,475,32.320195443917626,-32.606912251619086,-5.16705,-1.24903,194.51764
1,476,32.03817033428147,-32.55242767116835,-5.1779,-1.2425,194.45717
1,477,31.806697521548394,-32.61836871751608,-5.18827,-1.23597,194.39396
1,478,31.558479146031736,-32.63747076742995,-5.19817,-1.22951,194.32384
1,479,31.534370219385995,-32.77140490339906,-5.20744,-1.22353,194.24492
1,480,31.268595499951964,-32.71681082688303,-5.21629,-1.21853,194.16364
1,481,30.966782593324353,-32.89789415038765,-5.22468,-1.21457,194.09256
1,482,30.837324377712147,-32.88416349090523,-5.23252,-1.21208,194.03167
1,483,30.644822314012032,-32.86157329631642,-5.23995,-1.211,193.97088
1,484,30.42739970146094,-33.01046852250792,-5.24723,-1.21149,193.9165
1,485,30.18466851667288,-33.066350462699795,-5.25449,-1.21352,193.85874
1,486,29.951352667342785,-33.06648533713779,-5.26245,-1.2168,193.78877
1,487,29.773944896842085,-33.233788823813526,-5.27188,-1.22125,193.71568
1,488,29.53304029051354,-33.1025024912584,-5.28378,-1.22682,193.63355
1,489,29.267996346302837,-33.136681055090285,-5.29925,-1.23364,193.54861
1,490,29.074487239825984,-33.267133548532826,-5.31887,-1.24182,193.46244
1,491,28.87050245569697,-33.372967876340965,-5.34332,-1.25187,193.37635
1,492,28.823132583125204,-33.3712037753312,-5.37344,-1.26396,193.31006
1,493,28.489298978084957,-33.43371439031863,-5.40913,-1.27828,193.2477
1,494,28.392811383251157,-33.43892252811193,-5.45012,-1.29431,193.2183
1,495,28.093834648334642,-33.53082030186284,-5.4939,-1.31139,193.22969
1,496,27.86472659007735,-33.54869591597964,-5.53688,-1.32876,193.37229
1,497,27.707982390766716,-33.60635958320583,-5.57429,-1.34529,193.63918
1,498,27.468384125303125,-33.63364652842345,-5.60742,-1.36087,193.91374
1,499,27.165314143675644,-33.66328434058366,-5.63713,-1.3751,194.19508
1,500,27.018284461134016,-33.821051084195,-5.66446,-1.38803,194.47847
1,501,26.65646664023264,-33.821299399075,-5.68633,-1.39838,194.59853
1,502,26.515377816400797,-33.79474755335444,-5.70334,-1.40652,194.65011
1,503,26.26961493484319,-33.97926680224895,-5.71538,-1.4124,194.67921
1,504,26.04150024821284,-33.98574710137825,-5.72298,-1.41616,194.69892
1,505,25.798744045869796,-34.018651841526555,-5.72663,-1.4183,194.65859
1,506,25.5493483415104,-34.07273590049073,-5.72705,-1.41933,194.57815
1,507,25.297951254940628,-34.240195032804735,-5.72509,-1.41961,194.51582
1,508,25.091055775878143,-34.21130595944389,-5.72117,-1.41918,194.45918
1,509,24.868155154243883,-34.282541696260935,-5.71577,-1.4182,194.41425
1,510,24.576057559848923,-34.337328554163875,-5.7096,-1.41657,194.37561
1,511,24.37014233457924,-34.46252818049435,-5.70317,-1.41442,194.33087
1,512,24.24915292614468,-34.48430136847687,-5.69684,-1.41175,194.28607
1,513,24.015702169419665,-34.48895034434655,-5.69102,-1.40891,194.26498
1,514,23.729821925371002,-34.54995377403394,-5.68596,-1.40606,194.24755
1,515,23.4801864242649,-34.6249979917785,-5.68177,-1.4033,194.22954
1,516,23.311132680503047,-34.73999966133676,-5.67848,-1.40051,194.20953
1,517,23.031289533399725,-34.7622717191473,-5.67602,-1.39746,194.18619
1,518,22.78445449960322,-34.78107502988277,-5.67436,-1.39418,194.16969
1,519,22.55931473287966,-34.829672417914374,-5.67291,-1.39066,194.15354
1,520,22.418043733021218,-34.921925641288745,-5.67123,-1.387,194.13559
1,521,22.137523786864076,-34.98325344193,-5.66881,-1.38314,194.12704
1,522,21.916840305922648,-34.97482793144058,-5.66596,-1.37925,194.12095
1,523,21.672100885918823,-35.08742401152652,-5.66289,-1.37536,194.10374
1,524,21.461004995777987,-35.099312278723104,-5.65997,-1.37164,194.08225
1,525,21.270592863425673,-35.25834431382259,-5.65718,-1.36801,194.06084
1,526,21.045062889588284,-35.1867140731064,-5.65472,-1.3643,194.03553
1,527,20.86309939291764,-35.26633126528658,-5.65263,-1.36036,193.98811
1,528,20.547152149905497,-35.431432453021465,-5.65077,-1.35616,193.94147
1,529,20.268210831977832,-35.38910939851381,-5.64888,-1.35163,193.89534
1,530,20.14400506574907,-35.55240807192595,-5.64727,-1.34658,193.85736
1,531,19.849872307951888,-35.49566028384474,-5.64575,-1.34105,193.82311
1,532,19.673009686455988,-35.52748141618142,-5.64428,-1.33514,193.78595
1,533,19.549454615614128,-35.61821550363954,-5.64281,-1.32867,193.73742
1,534,19.177901001236176,-35.63054892872959,-5.64145,-1.32188,193.69281
1,535,18.958693087639436,-35.66659779043811,-5.64058,-1.31491,193.65577
1,536,18.737816067814936,-35.67952614171296,-5.63975,-1.30787,193.6283
1,537,18.53377048050461,-35.868335565048035,-5.63882,-1.30068,193.59745
1,538,18.397923125802155,-35.94271873772805,-5.63783,-1.29351,193.55997
1,539,18.065741564506016,-35.96683470484432,-5.63666,-1.28663,193.52
1,540,17.945002118309816,-35.97429151977319,-5.63515,-1.27999,193.47686
1,541,17.654470975085104,-36.02644269417167,-5.63338,-1.27354,193.4341
1,542,17.410380748402154,-36.03189693176955,-5.63141,-1.26714,193.40139
1,543,17.16974322579737,-36.092620128663654,-5.62953,-1.26076,193.36349
1,544,16.940287760014108,-36.203299689534916,-5.62796,-1.25431,193.31418
2,137,32.399502527726526,-7.829064577654952,4.49229,-4.44001,316.03122
2,138,32.62652246009001,-7.985487289334781,4.49387,-4.44457,316.00195
2,139,32.744279202150295,-8.283257004939859,4.49455,-4.44906,315.9715
2,140,32.865707211947196,-8.418661783217383,4.49396,-4.45306,315.9381
2,141,33.1425033852864,-8.617125761100063,4.49171,-4.45615,315.90422
2,142,33.27591322740473,-8.711033328447693,4.48733,-4.45814,315.85865
2,143,33.48776865930728,-8.91389436226942,4.48107,-4.4584,315.8091
2,144,33.733807027680264,-9.112375850867796,4.47315,-4.45647,315.7455
2,145,33.885943227496156,-9.298724055159324,4.4633,-4.45183,315.69822
2,146,34.036966028638865,-9.473609660278129,4.45145,-4.44431,315.65572
2,147,34.17617913485373,-9.767633780835732,4.43771,-4.43369,315.61014
2,148,34.43297348664648,-9.881414680088222,4.42217,-4.41968,315.56445
2,149,34.535854193673686,-10.036114188281731,4.40459,-4.40233,315.52296
2,150,34.69759936250683,-10.171554233716936,4.38471,-4.38152,315.50138
2,151,34.93950610403057,-10.375802830002955,4.36249,-4.35737,315.47686
2,152,35.13712003894854,-10.536449079138244,4.3376,-4.32996,315.44332
2,153,35.27284640005165,-10.707718597107833,4.31009,-4.29946,315.43657
2,154,35.44089351119735,-10.910992641088098,4.28019,-4.26641,315.42557
2,155,35.52830020379167,-11.04359699253477,4.24777,-4.23097,315.40842
2,156,35.84647177606402,-11.212546895434087,4.21306,-4.19328,315.38071
2,157,35.939928260422235,-11.419365097818046,4.17617,-4.15374,315.33482
2,158,36.081769720978514,-11.60125348922927,4.13719,-4.11245,315.29493
2,159,36.34899251113134,-11.664672328941734,4.09621,-4.06962,315.25525
2,160,36.42643617099327,-11.875077810754913,4.05344,-4.02548,315.22565
2,161,36.646727516444145,-12.072622860465758,4.00889,-3.98022,315.2061
2,162,36.8300908724588,-12.294433041588807,3.96267,-3.93408,315.1974
2,163,36.94513310419662,-12.392192913767953,3.91493,-3.88732,315.19045
2,164,37.08231010976026,-12.559968811917,3.86576,-3.84011,315.19452
2,165,37.29952847426603,-12.725384046166537,3.81523,-3.79272,315.20367
2,166,37.359351162263515,-12.7997036964811,3.7635,-3.74532,315.21797
2,167,37.52996060190858,-12.969402530464258,3.71056,-3.69817,315.23953
2,168,37.60386688229756,-13.123977833015516,3.65642,-3.65173,315.24349
2,169,37.85958674016397,-13.181837591869794,3.60082,-3.60619,315.25019
2,170,37.87248799370144,-13.501327600241622,3.5437,-3.56187,315.2497
2,171,38.11172429484089,-13.601717381382734,3.48503,-3.51889,315.23207
2,172,38.28531395746389,-13.601501303779186,3.42499,-3.47745,315.21036
2,173,38.37512070467971,-13.831474602475762,3.36395,-3.43772,315.17374
2,174,38.50364915392459,-13.891440055159338,3.30208,-3.4001,315.10692
2,175,38.80000584488789,-14.057498817017665,3.23903,-3.36468,315.03975
2,176,38.75661954283423,-14.190629964668569,3.17473,-3.33147,314.96656
2,177,38.914219185116714,-14.367475569143503,3.10944,-3.30029,314.87828
2,178,39.04922386291141,-14.525181009237293,3.04333,-3.27112,314.75736
2,179,39.06763303430439,-14.712365978886833,2.97656,-3.24374,314.57167
2,180,39.185808598649466,-14.692988962646613,2.90908,-3.21815,314.33927
2,181,39.31645571587081,-14.822110836094021,2.84161,-3.19394,314.06635
2,182,39.578820947616435,-15.025963247028189,2.77413,-3.1716,313.75434
2,183,39.72138043844363,-15.160056729446454,2.70746,-3.15045,313.42379
2,184,39.761589610820195,-15.293875893727508,2.64242,-3.12994,313.06194
2,185,39.77585357477708,-15.230561781870277,2.57902,-3.11016,312.69374
2,186,39.89432225320654,-15.5970941001674,2.51732,-3.09084,312.30787
2,187,39.93975169114874,-15.630191859230548,2.45684,-3.07225,311.90639
2,188,40.04893193797489,-15.770679500687313,2.3974,-3.05403,311.4949
2,189,40.21539570338779,-15.893553188874085,2.33886,-3.03604,311.07026
2,190,40.20354524706206,-15.945472283835246,2.28113,-3.01821,310.64486
2,191,40.38093318933,-16.10678862937704,2.22401,-3.00062,310.22071
2,192,40.60277995977653,-16.225226127928174,2.16748,-2.98302,309.7921
2,193,40.49280139603112,-16.370907427167165,2.11103,-2.96526,309.32133
2,194,40.62821357220182,-16.51742829844587,2.05442,-2.94749,308.82904
2,195,40.645603939104625,-16.612405708235134,1.9979,-2.92945,308.34674
2,196,40.73126019864043,-16.69296016167701,1.94132,-2.91113,307.88818
2,197,40.82767662550055,-16.903118839976102,1.88445,-2.89297,307.41452
2,198,40.92404097450201,-17.038878638920096,1.8271,-2.87545,306.93373
2,199,41.059570487322304,-17.017082083201153,1.76924,-2.85905,306.41054
2,200,41.01825107910558,-17.183355067579054,1.71054,-2.84361,305.85759
2,201,41.199942956451565,-17.386620865636147,1.65055,-2.82853,305.26231
2,202,41.252908232141706,-17.352318613275433,1.5891,-2.81391,304.62331
2,203,41.199157141793265,-17.458091998798288,1.52587,-2.80012,303.95476
2,204,41.41770245534554,-17.58578871515128,1.46166,-2.78708,303.26188
2,205,41.398511507284525,-17.682120963610704,1.39737,-2.77473,302.55047
2,206,41.451921401185714,-17.826935610121186,1.33336,-2.76272,301.85006
2,207,41.569261401618164,-17.983106662549545,1.27049,-2.75083,301.14535
2,208,41.57879699082614,-18.10485399008902,1.20953,-2.73879,300.43645
2,209,41.65297003717568,-18.162359108020443,1.15112,-2.72643,299.73834
2,210,41.653305980843626,-18.230368969797382,1.09557,-2.71343,299.05511
2,211,41.64509722218212,-18.384055271332603,1.04293,-2.69953,298.39287
2,212,41.82687987008864,-18.467601769699243,0.99298,-2.68477,297.72941
2,213,41.71611109561972,-18.625577697629375,0.94536,-2.66919,297.06866
2,214,41.79946576405785,-18.775514906331363,0.89963,-2.6529,296.41905
2,215,41.87610647399479,-18.858582481601253,0.85552,-2.63582,295.79847
2,216,41.90871717717375,-18.858723154217085,0.81338,-2.61764,295.22995
2,217,41.75263390922814,-19.012861476438502,0.77375,-2.59818,294.68991
2,218,41.91506595909557,-19.147029603835946,0.73693,-2.57737,294.21471
2,219,41.987571556465866,-19.188695630554612,0.70342,-2.5549,293.83502
2,220,42.136710860334595,-19.378748544267363,0.67343,-2.5304,293.55696
2,221,41.97689231209487,-19.47664907888695,0.64659,-2.5038,293.30562
2,222,42.10405360455284,-19.567203789722043,0.62233,-2.47531,293.06072
2,223,42.14146981424572,-19.561735950018136,0.60022,-2.44518,292.82394
2,224,42.107424522687246,-19.801523027329814,0.58003,-2.41372,292.58458
2,225,42.01009530338845,-19.849108842780517,0.56143,-2.38103,292.35958
2,226,42.06512808227646,-19.931411126249905,0.54426,-2.34727,292.15437
2,227,42.1171350993082,-20.01233350278826,0.5286,-2.3126,291.97704
2,228,42.14250209497589,-20.12909179733555,0.51443,-2.27724,291.7777
2,229,42.24106177948003,-20.200029603523557,0.50158,-2.2414,291.58275
2,230,42.15607153021299,-20.344159437314207,0.49005,-2.205,291.3812
2,231,42.158976066894354,-20.35213608904335,0.47962,-2.16828,291.17228
2,232,42.23174081870894,-20.506451716115212,0.47001,-2.13121,290.94798
2,233,42.27611837398149,-20.609804867201746,0.46107,-2.09385,290.6992
2,234,42.27898866584155,-20.607041441046572,0.45261,-2.05631,290.4135
2,235,42.350114953796215,-20.75945766691512,0.44433,-2.01878,290.11257
2,236,42.34486001343281,-20.713758653001904,0.43611,-1.98155,289.79023
2,237,42.31177952609959,-20.769637182573724,0.42791,-1.94501,289.44396
2,238,42.337745808693334,-20.98993460151506,0.41968,-1.90941,289.08677
2,239,42.39489504952126,-21.023186736900307,0.41171,-1.87483,288.73408
2,240,42.36062866696606,-21.276948215857818,0.40393,-1.84134,288.38664
2,241,42.45788051058423,-21.19581889240447,0.3963,-1.80892,288.03262
2,242,42.38629452162006,-21.183369548441544,0.38878,-1.77761,287.66867
2,243,42.34281747430009,-21.255694430055357,0.38136,-1.7474,287.29104
2,244,42.41857126004547,-21.37931886283907,0.37444,-1.71822,286.9374
2,245,42.41770910013411,-21.415867870259707,0.36799,-1.69017,286.60043
2,246,42.53646547859118,-21.56942777438172,0.36189,-1.66335,286.27741
2,247,42.47170893894831,-21.61940292338529,0.35623,-1.63796,285.98032
2,248,42.51904471950368,-21.726223027822765,0.35111,-1.6143,285.69976
2,249,42.570506217494554,-21.6732931174293,0.34675,-1.59274,285.4215
2,250,42.56876167260492,-21.788411905935362,0.34299,-1.57354,285.15764
2,251,42.594581528331105,-21.85983530280528,0.33962,-1.55681,284.89284
2,252,42.654078465329334,-21.912962547543437,0.33641,-1.54283,284.63849
2,253,42.56841999570251,-21.93223483027467,0.33315,-1.53206,284.37899
2,254,42.59302417622816,-22.13013684170684,0.32958,-1.5245,284.11213
2,255,42.67498930995318,-22.09515477342854,0.32627,-1.52019,283.86802
2,256,42.566757968970784,-22.217285207828862,0.32348,-1.51941,283.64119
2,257,42.599560165866315,-22.159020369654435,0.32128,-1.5227,283.44683
2,258,42.704419372497284,-22.320361064847642,0.31995,-1.53009,283.28956
2,259,42.66464723767279,-22.340438139045304,0.31981,-1.5418,283.1509
2,260,42.6645166023681,-22.39067819394783,0.32117,-1.55827,283.03997
2,261,42.71520605844272,-22.42096052922178,0.32394,-1.57955,282.93172
2,262,42.673419840669375,-22.500572571024563,0.32809,-1.60585,282.82554
2,263,42.666830061615386,-22.712248307790805,0.3335,-1.63721,282.70737
2,264,42.79155146113214,-22.62624998240129,0.3401,-1.67379,282.58162
2,265,42.68023712737647,-22.743788258847314,0.34787,-1.71553,282.46902
2,266,42.784203760196284,-22.775725025555996,0.35641,-1.7625,282.35045
2,267,42.72721971939802,-22.859578622022543,0.36611,-1.81473,282.24131
2,268,42.708203768444996,-22.926378880900533,0.37695,-1.87232,282.12852
2,269,42.66284254649276,-23.059123951695625,0.38887,-1.93501,281.99965
2,270,42.83955962487626,-23.091694862157784,0.40179,-2.00248,281.86856
2,271,42.79682059022815,-23.14574739372156,0.41558,-2.07427,281.74402
2,272,42.85009629617201,-23.31018923425118,0.43017,-2.15013,281.63298
2,273,42.85795642947668,-23.37424250048807,0.44543,-2.22956,281.53105
2,274,42.956506663026815,-23.408338569134234,0.46127,-2.31211,281.44804
2,275,42.972958939733445,-23.454325745687914,0.47755,-2.39736,281.37746
2,276,42.9178760541281,-23.68700047816818,0.49443,-2.48435,281.32974
2,277,42.90899303437887,-23.731043704766655,0.51177,-2.57243,281.28466
2,278,43.04495503268221,-23.805875681219174,0.52944,-2.66106,281.2648
2,279,42.89985580459285,-23.80632398844429,0.54769,-2.74971,281.27664
2,280,43.00489351962961,-24.078940624616855,0.56641,-2.83792,281.31027
2,281,42.98568223950523,-24.08599432780711,0.58594,-2.92544,281.36365
2,282,43.09306181633943,-24.30713569343827,0.60621,-3.01194,281.42569
2,283,43.14927965137067,-24.388714326447428,0.6272,-3.09724,281.49902
2,284,43.12580578967853,-24.521151565883653,0.64889,-3.18124,281.57786
2,285,43.06322086813515,-24.67392001076578,0.67141,-3.26456,281.66385
2,286,43.11170319511275,-24.822150466080934,0.69482,-3.34744,281.74978
2,287,43.2449716705327,-24.820671491721743,0.71913,-3.43001,281.82885
2,288,43.11201323791048,-25.04916856828925,0.74429,-3.5122,281.89929
2,289,43.24286230810307,-25.26790067271439,0.77026,-3.5941,281.9698
2,290,43.25324410745852,-25.343619770625768,0.79692,-3.67547,282.04986
2,291,43.20397056001181,-25.4526476222017,0.82407,-3.75605,282.14548
2,292,43.29273075626068,-25.626036223184585,0.85147,-3.83553,282.24382
2,293,43.426306139486854,-25.78705420521379,0.87923,-3.91372,282.35945
2,294,43.42189271185313,-25.840659380085057,0.90733,-3.99022,282.47921
2,295,43.52392634655756,-26.108050474697297,0.93557,-4.06478,282.5983
2,296,43.53011911109433,-26.228773322426736,0.96362,-4.13717,282.69958
2,297,43.54894099260744,-26.397659602633038,0.99116,-4.20747,282.80569
2,298,43.54282906260118,-26.6583985692434,1.01779,-4.27529,282.92239
2,299,43.5910331060347,-26.685330028810405,1.04355,-4.34,283.03541
2,300,43.71125736611933,-26.99491511629789,1.06839,-4.40147,283.14269
2,301,43.65780185990027,-27.192855639410237,1.09202,-4.45901,283.25185
2,302,43.68665239647997,-27.244662314334004,1.11452,-4.51221,283.372
2,303,43.73905029658214,-27.531968704381363,1.1359,-4.56102,283.5043
2,304,43.81864912851766,-27.73769224013722,1.15618,-4.60532,283.64468
2,305,43.861794728052416,-27.89933388283146,1.17556,-4.64519,283.77768
2,306,43.965164572447684,-27.99382766079259,1.1941,-4.68098,283.90821
2,307,43.985982170354305,-28.25277179235767,1.2119,-4.71287,284.04493
2,308,44.00670954885992,-28.473654868512778,1.22933,-4.74116,284.18972
2,309,44.08685944418357,-28.632131897921994,1.24657,-4.76634,284.35332
2,310,44.146956440625004,-28.862046301921577,1.26408,-4.78892,284.51194
2,311,44.20052948827576,-29.064695425479922,1.28228,-4.80951,284.66964
2,312,44.229590040290695,-29.18047797494103,1.30168,-4.82854,284.82067
2,313,44.32684052638468,-29.440798744962272,1.32275,-4.84673,284.97544
2,314,44.31520717587257,-29.578539073198215,1.34575,-4.8646,285.13713
2,315,44.39769607549798,-29.71915457536273,1.37109,-4.88272,285.30168
2,316,44.51719745219218,-30.06853924206889,1.39915,-4.90161,285.4769
2,317,44.55092862017261,-30.22002805317827,1.43008,-4.92161,285.64703
2,318,44.54633242826296,-30.40274090203438,1.46391,-4.94301,285.82023
2,319,44.62669655651477,-30.528270886803273,1.50076,-4.966,285.99409
2,320,44.68791766798318,-30.879589412460593,1.54041,-4.9908,286.17763
2,321,44.713363385601255,-31.06254926300544,1.58286,-5.01754,286.38767
2,322,44.73756105711425,-31.233272946218662,1.62798,-5.04624,286.63669
2,323,44.80581901123193,-31.376173692375104,1.67564,-5.07681,286.91303
2,324,44.85718768559674,-31.594733572162024,1.7255,-5.10926,287.20719
2,325,44.97135892914601,-31.690803730837075,1.77737,-5.14349,287.52223
2,326,45.072934669023766,-32.07435447261181,1.83115,-5.17951,287.86118
2,327,45.09353170687472,-32.21024916608581,1.8866,-5.21726,288.20982
2,328,45.2223160238741,-32.379956459061,1.94355,-5.25658,288.57645
2,329,45.24938453122114,-32.59314396737292,2.00185,-5.29732,288.96067
2,330,45.495872605609286,-32.842232386915214,2.06124,-5.33945,289.36533
2,331,45.47560178279649,-33.01235914627791,2.12155,-5.38303,289.76692
2,332,45.54435443195599,-33.29286792367829,2.18266,-5.42826,290.17334
2,333,45.67845059906971,-33.477637765694695,2.24464,-5.4749,290.56876
2,334,45.796663627865385,-33.70271748257166,2.3075,-5.52305,290.96285
2,335,45.71597866758818,-33.95237975664059,2.37101,-5.57268,291.36151
2,336,45.87996428633671,-34.07525927745213,2.43473,-5.62364,291.76709
2,337,46.0571034146165,-34.39369976910138,2.49855,-5.67605,292.17868
2,338,46.08696950096033,-34.652360758022134,2.56246,-5.72985,292.57285
2,339,46.26232401576673,-34.79522819607525,2.62623,-5.78506,292.95375
2,340,46.32083056188867,-35.06714320791034,2.68956,-5.84156,293.31386
2,341,46.493952900838984,-35.19903402386151,2.75217,-5.89934,293.65566
2,342,46.59088904784974,-35.600631652592966,2.81401,-5.95844,293.99136
2,343,46.732761367749475,-35.80770980770474,2.8748,-6.01886,294.32545
2,344,46.83058556256022,-36.04729896136628,2.93435,-6.08058,294.65631
2,345,46.880216433316626,-36.29740281645737,2.99237,-6.14335,294.97381
2,346,47.03088203524376,-36.452091502747216,3.04874,-6.20695,295.25733
2,347,47.123965041583915,-36.680057387741186,3.10333,-6.2713,295.50305
2,348,47.288715455151085,-37.02142938659252,3.15596,-6.3362,295.72583
2,349,47.44205922531307,-37.212524365067345,3.20645,-6.40164,295.92115
2,350,47.61148495711603,-37.46463133909233,3.25491,-6.46737,296.10137
2,351,47.68559257650708,-37.7953952687143,3.30156,-6.53323,296.25161
2,352,47.89620835662339,-37.95678435220238,3.34635,-6.59889,296.36864
2,353,47.96492709052191,-38.24822887630718,3.38934,-6.66411,296.45239
2,354,48.03678464350086,-38.54467362484707,3.43054,-6.72884,296.52035
2,355,48.179916592772535,-38.92141449078667,3.46989,-6.79306,296.58903
2,356,48.384538087726135,-39.14862486297506,3.50747,-6.85649,296.64339
2,357,48.5410503842586,-39.43291850218492,3.54326,-6.91902,296.69687
2,358,48.663945196830326,-39.76460145121756,3.57722,-6.98057,296.73006
2,359,48.8878517738981,-39.920805565434975,3.60924,-7.04109,296.74483
2,360,49.014572164860496,-40.21335052837822,3.63958,-7.10066,296.7618
2,361,49.142069853826825,-40.58494051116792,3.66836,-7.15936,296.76549
2,362,49.15882785497388,-40.84857202687502,3.69574,-7.21728,296.74964
2,363,49.348731414152624,-41.0434992419798,3.7221,-7.27443,296.71636
2,364,49.56460518715427,-41.392644159912145,3.74779,-7.33087,296.66822
2,365,49.653126999568045,-41.65802698508586,3.7729,-7.38684,296.61676
2,366,49.85556607940967,-41.97527930161438,3.79749,-7.44259,296.55363
2,367,49.97551790288168,-42.23561460990598,3.82183,-7.49837,296.48602
2,368,50.15301838627274,-42.60614081321304,3.84619,-7.55419,296.41059
2,369,50.31028771981763,-42.893015997024264,3.87074,-7.61005,296.32431
2,370,50.41595423726176,-43.24555799450779,3.89571,-7.66581,296.23756
2,371,50.51352639792764,-43.43175428839397,3.92127,-7.72178,296.1525
2,372,50.75535321633171,-43.84052206971651,3.94725,-7.7782,296.06828
2,373,50.929555404053104,-44.202778386696345,3.97357,-7.83482,295.98129
3,453,17.27091219952731,-38.65898449665391,6.51242,1.60621,15.10087
3,454,17.550655558457038,-38.53064254801217,6.50371,1.60787,15.11075
3,455,17.756263404090404,-38.672665250335506,6.49401,1.60934,15.11915
3,456,17.99812850163204,-38.56324761076152,6.48209,1.61026,15.1194
3,457,18.300856626212408,-38.42597796139477,6.46735,1.61023,15.12179
3,458,18.53628606197339,-38.36683393756614,6.44946,1.60907,15.13346
3,459,18.81478495585614,-38.32856793041858,6.42832,1.60672,15.14478
3,460,19.124445380863364,-38.22100724181673,6.40371,1.60337,15.16471
3,461,19.296518169780512,-38.19462379190529,6.37513,1.59897,15.18807
3,462,19.52751290343372,-38.18608343994392,6.34244,1.59345,15.21898
3,463,19.796723837926262,-37.88196275438005,6.30585,1.58691,15.24812
3,464,20.093253215320868,-37.97847251345042,6.2656,1.57937,15.27031
3,465,20.304816456148203,-37.81228968182472,6.22172,1.57071,15.27263
3,466,20.5560931608546,-37.84511534188199,6.17431,1.56088,15.25906
3,467,20.877638754730572,-37.76543813106921,6.12367,1.54962,15.23548
3,468,21.023722615911364,-37.667919859940575,6.07018,1.53718,15.2186
3,469,21.323013621990185,-37.652680915183126,6.01435,1.52384,15.19567
3,470,21.579311992643557,-37.57050861188629,5.95634,1.50979,15.18386
3,471,21.711237278536828,-37.53886385932347,5.89623,1.49524,15.17316
3,472,22.06995692462096,-37.43683501930655,5.83445,1.48047,15.16663
3,473,22.282737658828008,-37.380731025347345,5.77109,1.46555,15.16397
3,474,22.507024523940803,-37.37409510294973,5.70637,1.45066,15.15616
3,475,22.584956829685833,-37.45179314053061,5.64056,1.43588,15.14283
3,476,22.94796646236421,-37.28592634781434,5.57386,1.42121,15.11707
3,477,23.1770165335028,-37.164096467449696,5.50641,1.4065,15.08402
3,478,23.39904547629962,-37.15737568125485,5.43824,1.39168,15.04913
3,479,23.520986419924625,-37.10163804692966,5.36967,1.37671,15.00087
3,480,23.856712099844657,-37.0418895692573,5.30097,1.36177,14.95799
3,481,24.09321714509171,-36.92533885661062,5.23249,1.34702,14.91818
3,482,24.26412503556989,-36.96426426543235,5.16449,1.33268,14.88522
3,483,24.43335175187048,-36.87500235551882,5.09707,1.31866,14.8655
3,484,24.538491998380717,-36.851135698141,5.03048,1.30535,14.86479
3,485,24.816692575794338,-36.80275904449272,4.965,1.29291,14.87847
3,486,24.98296291854738,-36.71488907894635,4.90054,1.28148,14.90428
3,487,25.23377243549149,-36.70631408483593,4.83737,1.27108,14.95127
3,488,25.34989716130547,-36.62862153306492,4.77553,1.26176,15.02238
3,489,25.59772614016275,-36.57277547853204,4.71488,1.2534,15.08957
3,490,25.745398216200645,-36.50635016415725,4.65551,1.24573,15.15772
3,491,25.91261670721412,-36.38357875091067,4.5977,1.23858,15.23188
3,492,26.138637115262743,-36.38963099315817,4.54164,1.23177,15.31017
3,493,26.28896772642651,-36.31890882505245,4.48776,1.22535,15.38884
3,494,26.561134042830616,-36.326358906962795,4.43649,1.21939,15.45705
3,495,26.67437199435543,-36.23400389915185,4.3884,1.2139,15.53074
3,496,26.864359532699492,-36.222414252258524,4.34378,1.20888,15.60686
3,497,27.119878640693386,-36.10270422570458,4.30271,1.20419,15.67953
3,498,27.265580104976024,-36.11380211367286,4.26513,1.19959,15.75769
3,499,27.40221040724371,-36.10032678657828,4.23079,1.195,15.8306
3,500,27.55344354864549,-36.14611440374219,4.19994,1.1904,15.89753
3,501,27.61022380435972,-35.94074153664868,4.17239,1.18574,15.97204
3,502,27.793509761467334,-35.92697127971097,4.14821,1.18091,16.04268
3,503,27.969847585489514,-35.911188357836295,4.12732,1.1759,16.10772
3,504,28.145615431782378,-35.83631618587977,4.10971,1.17071,16.17033
3,505,28.45922717374269,-35.69183415563536,4.09561,1.16542,16.22574
3,506,28.624203543342283,-35.73564591580877,4.08482,1.16009,16.25876
3,507,28.688906973519988,-35.60404496272071,4.07686,1.15459,16.27722
3,508,28.865412277336223,-35.66404389631054,4.07081,1.14899,16.27141
3,509,28.995531253325836,-35.519835093266536,4.06612,1.14333,16.24343
3,510,29.025359094693226,-35.58977012438095,4.06252,1.13785,16.20752
3,511,29.415128225837567,-35.59163316352948,4.05944,1.13254,16.1549
3,512,29.481756363363246,-35.443956670347646,4.05665,1.12749,16.09752
3,513,29.627865671269795,-35.403710034423064,4.05415,1.12271,16.04364
3,514,29.824363518919192,-35.35940412309341,4.05177,1.11817,15.98917
3,515,30.041516037571782,-35.241214969570585,4.04953,1.11399,15.92192
3,516,30.149305342895783,-35.359280540470714,4.04754,1.11023,15.8507
3,517,30.339976546794723,-35.16993647370933,4.04562,1.10677,15.77881
3,518,30.50002624185271,-35.19202763501715,4.04375,1.10377,15.71162
3,519,30.608552306943082,-35.1545848295829,4.04174,1.1012,15.64585
3,520,30.901506911453307,-35.01895306959973,4.03971,1.099,15.58879
3,521,30.960715403750132,-35.14353935487882,4.0378,1.09713,15.5423
3,522,31.144549131701677,-35.00843699323513,4.03611,1.09569,15.49276
3,523,31.259935598980658,-34.97173467468945,4.03447,1.09458,15.44473
3,524,31.412935734008563,-34.95039763774659,4.03243,1.0935,15.40872
3,525,31.612669496256768,-34.84289187349526,4.02952,1.09232,15.38283
3,526,31.75212058032612,-34.80238798678657,4.02598,1.09101,15.36413
3,527,31.980068330274047,-34.7415876266142,4.02214,1.08946,15.35499
3,528,32.11246638383617,-34.710296459352264,4.01823,1.08783,15.33979
3,529,32.21527799560963,-34.74900126725139,4.01456,1.08609,15.32881
3,530,32.35059141141584,-34.6703919630485,4.01115,1.08406,15.31851
3,531,32.60237500477395,-34.66057807369026,4.00776,1.08149,15.30978
3,532,32.8644448159368,-34.59037550612907,4.00449,1.07831,15.29815
3,533,32.88535676483638,-34.537165818619684,4.00146,1.07441,15.28805
3,534,33.1598651426892,-34.59642941531141,3.99847,1.06959,15.27997
3,535,33.15086175680414,-34.39941723941211,3.99538,1.06377,15.26235
3,536,33.31429249897321,-34.42215919320404,3.99242,1.05684,15.25041
3,537,33.46778703480198,-34.4017466630579,3.98951,1.04879,15.23954
3,538,33.652088893944494,-34.35047487572425,3.98631,1.03947,15.22628
3,539,33.887848703448995,-34.240408199433794,3.98274,1.02883,15.20082
3,540,34.04157982090835,-34.17918356081142,3.97923,1.01678,15.16013
3,541,34.14496652312344,-34.222296974304314,3.97627,1.00328,15.10526
3,542,34.27515248222208,-34.17544338409454,3.97406,0.98843,15.03067
3,543,34.51356195810339,-34.267611310780715,3.9725,0.97225,14.93091
3,544,34.55346010583935,-34.063518176142246,3.97186,0.95473,14.81715
3,545,34.74524649864029,-34.10959625169681,3.97222,0.93595,14.67993
3,546,34.936480600758536,-33.983425833728326,3.97403,0.91623,14.52132
3,547,35.15162656114609,-33.93178042910803,3.97749,0.89595,14.35292
3,548,35.29517543986823,-33.96806814718087,3.9825,0.87537,14.1741
3,549,35.38821649095117,-33.85200204632397,3.98872,0.85464,13.98167
3,550,35.56024311190076,-33.826460626453006,3.99624,0.83408,13.79618
3,551,35.773251084763004,-33.77359801571795,4.00486,0.81393,13.61407
3,552,36.017208032847975,-33.76432293509831,4.01338,0.7942,13.4118
3,553,36.05466749737201,-33.770473279791574,4.02101,0.77499,13.18825
3,554,36.19232916232779,-33.703675806449624,4.02776,0.75657,12.96574
3,555,36.496674491660684,-33.65923593290646,4.03402,0.73933,12.74452
3,556,36.628916255030504,-33.67702602595418,4.03996,0.72327,12.53005
3,557,36.666554470569665,-33.66627786025807,4.04586,0.70813,12.32861
3,558,36.86595945600184,-33.683016167554,4.05205,0.69371,12.12236
3,559,37.105739369477455,-33.59831570633263,4.05854,0.67983,11.91207
3,560,37.25048475087702,-33.526846762223165,4.06502,0.66633,11.69908
3,561,37.30954267299999,-33.46475909214965,4.07125,0.65281,11.49996
3,562,37.55277064525404,-33.56504720443538,4.07767,0.63948,11.30173
3,563,37.74352625087604,-33.42784527651168,4.08474,0.62668,11.10762
3,564,37.85961358458299,-33.47590636824825,4.09261,0.61463,10.93716
3,565,38.07822451496563,-33.37306696561969,4.10148,0.60356,10.76896
3,566,38.15482712301361,-33.292410530123576,4.11161,0.59349,10.59591
3,567,38.34631149916655,-33.32250550188957,4.12298,0.58418,10.42632
3,568,38.48986469901207,-33.46612514814204,4.13553,0.57559,10.27456
3,569,38.72429697547999,-33.374348316929634,4.14964,0.56754,10.1305
3,570,38.93051081475627,-33.30368018941029,4.1652,0.56036,10.00365
3,571,38.9538520217614,-33.25331070355033,4.1821,0.55422,9.88154
3,572,39.199630986180864,-33.37610406682988,4.20061,0.54924,9.76432
3,573,39.364400986290356,-33.32507580406536,4.22058,0.54563,9.64399
3,574,39.519581430923544,-33.196495193230874,4.24193,0.54307,9.52249
3,575,39.74197603161013,-33.25702847526024,4.26481,0.54147,9.40386
3,576,39.84440882917527,-33.20498710177637,4.2889,0.54081,9.27594
3,577,40.102147548645355,-33.24597659595803,4.31389,0.54073,9.14683
3,578,40.26517933006248,-33.11538808469834,4.34,0.54125,9.00585
3,579,40.362367833735064,-33.07761021882662,4.36701,0.54215,8.88882
3,580,40.50068957173814,-33.15323171315665,4.39483,0.54351,8.79314
3,581,40.657724856491626,-33.12014705003109,4.42319,0.54529,8.70711
3,582,40.85545455726189,-33.099949247823865,4.452,0.54732,8.63216
3,583,41.10781947449371,-33.05176768256834,4.48126,0.54963,8.5646
3,584,41.21963311446595,-33.13430762570502,4.51063,0.55245,8.49424
3,585,41.4959084779332,-32.974892953578646,4.53934,0.55554,8.41264
3,586,41.68672009336572,-32.886812823306734,4.56701,0.55906,8.33842
3,587,41.826252735541885,-32.95556675692278,4.59348,0.56296,8.27336
3,588,42.04935172045962,-32.957947187198734,4.61847,0.56721,8.2265
3,589,42.15995991503824,-33.03278494564994,4.64169,0.57161,8.19439
3,590,42.33020112740495,-32.90290338046731,4.66283,0.57616,8.17494
3,591,42.5678388442005,-32.86696576264304,4.68154,0.5808,8.15849
3,592,42.705843373591776,-32.81269977785333,4.69776,0.58535,8.15405
3,593,42.907857758671575,-32.75858276622088,4.71163,0.58988,8.15054
3,594,43.103974554673925,-32.852611250110996,4.72315,0.59451,8.1488
3,595,43.34154815250338,-32.753498769607624,4.73229,0.59919,8.14666
3,596,43.504086622926856,-32.7963732686968,4.73896,0.60399,8.14788
3,597,43.76299816092079,-32.77514755533124,4.74333,0.60865,8.1511
3,598,43.87680937822741,-32.676852417505636,4.74542,0.61308,8.15409
3,599,44.12336067499833,-32.57750727679339,4.74523,0.61733,8.16935
3,600,44.30332040629128,-32.613748613425564,4.74265,0.62143,8.19821
3,601,44.44737218778703,-32.61730208276668,4.73774,0.62522,8.22327
3,602,44.635044059350676,-32.57447889321685,4.73064,0.62883,8.25081
3,603,44.8786335599669,-32.50947085446172,4.72158,0.63191,8.26701
3,604,45.0660709796181,-32.52373314922622,4.71061,0.63441,8.28838
3,605,45.14886361033182,-32.505200757605465,4.69771,0.63646,8.31968
3,606,45.394965565701035,-32.43909197831426,4.68274,0.6382,8.35727
3,607,45.63458355361485,-32.38853419295893,4.66576,0.63973,8.40317
3,608,45.77411850679422,-32.42224760499319,4.64683,0.64108,8.43505
3,609,45.985539679066406,-32.465375785809066,4.62591,0.64241,8.46074
3,610,46.159722538180965,-32.383780352945024,4.60299,0.64364,8.49386
3,611,46.33189527246266,-32.3414207202287,4.57828,0.64496,8.52345
3,612,46.491649677098685,-32.37301383491211,4.55163,0.64658,8.55821
3,613,46.802850885434175,-32.36511455230143,4.52289,0.64869,8.59378
3,614,46.91868854304929,-32.305613082340074,4.49199,0.65132,8.64794
3,615,47.037752123152906,-32.227889991048386,4.45899,0.6544,8.71395
3,616,47.25506230562328,-32.275759545680245,4.42391,0.65799,8.79144
3,617,47.36698910328907,-32.26217100628837,4.387,0.66181,8.87083
3,618,47.64569411786571,-32.17567056518057,4.34821,0.66572,8.95187
3,619,47.692677718434425,-32.26994508077726,4.30726,0.66967,9.03414
3,620,47.99481283095812,-32.1828412898895,4.26408,0.67345,9.12997
3,621,48.1474521253059,-32.04004864929096,4.21874,0.67708,9.24241
3,622,48.28673979367866,-31.980269107947617,4.17129,0.68027,9.36427
3,623,48.451222672572065,-32.077849632576196,4.122,0.68293,9.48893
3,624,48.53757155699887,-32.09940629191907,4.0712,0.68467,9.629
3,625,48.6602409064821,-31.984592753473613,4.01914,0.68525,9.77122
3,626,48.89491127548402,-32.05064539062156,3.96605,0.68482,9.91602
3,627,49.129066263538874,-32.00138065350754,3.91223,0.68367,10.04382
3,628,49.24870449863094,-31.96363780311954,3.8574,0.68168,10.14965
3,629,49.35221462098324,-31.841695247286506,3.80188,0.67854,10.21939
3,630,49.475758144552415,-31.920576928093126,3.74579,0.67396,10.26416
3,631,49.75886800414067,-31.821007108109075,3.68945,0.66811,10.29702
3,632,49.82469638088244,-31.773997829892867,3.63308,0.66117,10.31709
3,633,49.89903747530906,-31.729158363003474,3.5765,0.65333,10.33931
3,634,50.1438563027379,-31.769746525446283,3.51954,0.64479,10.36088
3,635,50.1718430631339,-31.73051427367152,3.46217,0.63548,10.38523
3,636,50.34641843988971,-31.66525618673512,3.40435,0.62572,10.40194
3,637,50.61420222452768,-31.679442752903597,3.34585,0.61585,10.42166
3,638,50.68050542074682,-31.570539525501033,3.28659,0.60629,10.43758
3,639,50.78629865337188,-31.6227701384925,3.22647,0.59712,10.44429
3,640,50.94134296633198,-31.64278392222618,3.1657,0.58816,10.45784
3,641,51.05621702203187,-31.59457985943201,3.10411,0.5792,10.49068
3,642,51.22890226969688,-31.584222026643086,3.04193,0.57012,10.53002
3,643,51.24171001114801,-31.530074492383,2.97905,0.56079,10.5708
3,644,51.38747900650997,-31.503993597920118,2.91586,0.55117,10.61062
3,645,51.57545146978409,-31.426663568414988,2.85257,0.54122,10.65247
3,646,51.66746136851195,-31.391753534883076,2.78921,0.53091,10.69497
3,647,51.7882749656897,-31.4867609889103,2.72576,0.52017,10.73479
3,648,51.807598936594935,-31.481338573608813,2.6625,0.50905,10.77518
3,649,51.99035162277735,-31.53341168659513,2.59936,0.49752,10.81588
3,650,52.14091151249977,-31.41286193053685,2.53633,0.48559,10.84684
3,651,52.14697944064883,-31.380912577158146,2.47351,0.47329,10.87358
3,652,52.278130424328594,-31.331438281278054,2.4108,0.46063,10.89561
3,653,52.354454676331585,-31.284677752350664,2.34831,0.44769,10.91563
3,654,52.43758611279277,-31.312925509683307,2.28604,0.43453,10.92948
3,655,52.45723478840201,-31.160271126514758,2.22396,0.4212,10.9373
3,656,52.67364306499512,-31.218416862550296,2.16202,0.4078,10.93994
3,657,52.729986939158614,-31.23553792918796,2.10022,0.39443,10.93555
3,658,52.78234971754353,-31.282912781969603,2.0383,0.38116,10.92803
3,659,52.863045753314616,-31.224396222431494,1.97649,0.36819,10.92656
3,660,52.99808772170045,-31.279084282608068,1.91487,0.35571,10.9225
3,661,53.029699496176804,-31.215600264636436,1.8534,0.3439,10.92572
3,662,53.13970710209253,-31.15213944546821,1.79205,0.33262,10.93193
3,663,53.19126726540164,-31.13675591001318,1.73074,0.32172,10.94213
3,664,53.18962133667731,-31.13834627948712,1.66947,0.31109,10.95217
3,665,53.28564317432491,-31.107703937520117,1.60826,0.30064,10.96105
3,666,53.419456602360114,-31.13446269865102,1.54731,0.29033,10.96351
3,667,53.43691461656901,-31.08092060868963,1.48695,0.28018,10.96586
3,668,53.49720095344813,-31.215843889180988,1.42706,0.27009,10.96772
3,669,53.55906479671549,-31.131632242024686,1.36777,0.26007,10.96885
3,670,53.550313857646245,-31.028132875591705,1.30918,0.2501,10.97692
3,671,53.610599245330064,-31.00725023831695,1.2514,0.24018,10.98255
3,672,53.69613279593632,-31.17160385981472,1.19424,0.23026,10.98295
3,673,53.74648015315867,-31.087651590059703,1.13795,0.22038,10.99155
3,674,53.755740662748195,-31.050381573539596,1.08258,0.21056,11.00907
3,675,53.82847135055585,-31.132721662102004,1.02803,0.20076,11.02226
3,676,53.92067955915993,-31.00104336777677,0.97404,0.19094,11.0271
3,677,53.88606479720069,-30.98938372574578,0.92101,0.18118,11.04171
3,678,53.920714951164165,-31.035386463120613,0.86926,0.17157,11.05744
3,679,54.09655401382037,-31.131272012100347,0.81917,0.16217,11.06865
3,680,53.971232527877454,-31.036222002062644,0.77113,0.15308,11.07661
3,681,53.982996156210106,-30.96481236869032,0.72495,0.14428,11.07534
3,682,54.114282280027986,-30.982720891647208,0.68052,0.13574,11.07568
3,683,53.98664537779479,-30.9817027176148,0.63792,0.12749,11.07398
3,684,54.1067434244606,-30.982663008736264,0.59668,0.11946,11.07731
3,685,54.170562831821485,-31.021814105691043,0.55657,0.1116,11.07926
3,686,54.05108005827265,-30.88828604635612,0.51759,0.10391,11.073
3,687,54.23851195205609,-30.970994832976714,0.48005,0.09648,11.05862
3,688,54.20310329192181,-30.9681947237264,0.44384,0.08929,11.0482
3,689,54.2183825153608,-30.977502210893363,0.40922,0.08238,11.04294
3,690,54.27009867477852,-30.994242021728372,0.3761,0.07575,11.03551
3,691,54.26551968941586,-30.904964187509666,0.34479,0.06948,11.02645
3,692,54.310330697482335,-30.961363078849594,0.31533,0.06355,11.02296
3,693,54.34610458606803,-30.981493070165513,0.28749,0.05795,11.02472
3,694,54.18310384015894,-30.980494475371977,0.26151,0.05271,11.0357
3,695,54.339462096893705,-30.99286930325916,0.23743,0.04785,11.04804
3,696,54.28546474709722,-30.959186165184214,0.21508,0.04333,11.06131
3,697,54.35356822059848,-31.014960580953996,0.19448,0.03917,11.07342
3,698,54.349639872767405,-30.950176040430527,0.17583,0.03539,11.07229
3,699,54.30580098589395,-30.92653688950719,0.15921,0.03203,11.05719
3,700,54.36785026731731,-30.855268206762513,0.14455,0.02905,11.04017
3,701,54.280119895695044,-30.926416201795778,0.13168,0.02644,11.02546
3,702,54.32487623676772,-30.93112729142618,0.12031,0.02413,11.01399
3,703,54.37840997893242,-30.986234730382673,0.11003,0.02205,11.0053
3,704,54.41614243044524,-30.90851577771307,0.10109,0.02023,11.00226
3,705,54.378968811747576,-31.035244311291965,0.09361,0.01871,11.00692
3,706,54.296280516988894,-30.923102511791264,0.08767,0.01751,11.01289
3,707,54.36518534416503,-30.926730027998175,0.08328,0.01661,11.012
3,708,54.35744596394926,-30.945495755419397,0.08036,0.01601,11.01716
3,709,54.40217458426731,-30.836077146636704,0.0788,0.01569,11.02672
3,710,54.39982599075547,-31.000318378571436,0.07841,0.0156,11.03879
3,711,54.32910325846568,-30.945066614916012,0.07892,0.0157,11.05931
3,712,54.447770480189526,-31.039482990341074,0.08003,0.01591,11.05974
3,713,54.425311285807524,-30.947556006457752,0.08133,0.01617,11.06023
3,714,54.45721687125061,-30.915109908850383,0.08308,0.01652,11.06167
3,715,54.323835328626075,-30.89548901440175,0.08545,0.01699,11.06179
3,716,54.353044393685465,-30.920763162546706,0.08856,0.01761,11.06019
3,717,54.34541620107813,-31.000139871341833,0.09246,0.01839,11.05789
3,718,54.354066715589155,-30.925258921029457,0.09711,0.01932,11.05944
3,719,54.40543050487752,-31.078754430124047,0.1024,0.02038,11.06482
3,720,54.396642867190494,-30.92684966464112,0.10814,0.02152,11.07604
3,721,54.42791416397525,-30.933382153578734,0.11475,0.02284,11.08935
3,722,54.40125195008859,-31.0181880186379,0.12256,0.0244,11.10849
3,723,54.399534158533946,-30.959086587299055,0.13183,0.02625,11.12816
3,724,54.44263571397169,-30.916776228710642,0.14269,0.02842,11.14393
3,725,54.48685931264082,-30.869535312338243,0.15519,0.03091,11.16286
3,726,54.36511319820499,-30.896871509721034,0.16925,0.03371,11.17714
3,727,54.457726921483655,-30.878622638611844,0.18499,0.03684,11.18297
3,728,54.52810650689573,-30.96582867043314,0.20278,0.04038,11.18985
3,729,54.445697383333716,-30.895021501645193,0.22282,0.04436,11.18215
3,730,54.413023186242896,-30.904655723300923,0.24514,0.0488,11.16667
3,731,54.51972312609419,-30.897195423553296,0.26996,0.05372,11.13401
3,732,54.525134620796024,-30.935216552615227,0.29763,0.05922,11.1072
3,733,54.51655354498769,-30.99322181626396,0.32831,0.0653,11.09013
3,734,54.537781957438895,-30.882664338006553,0.36191,0.07197,11.08327
3,735,54.489927921468286,-30.899369165866894,0.39876,0.07927,11.08186
3,736,54.57099798312296,-30.97501599666377,0.43892,0.08723,11.08855
3,737,54.57148706124612,-30.85543036024258,0.48212,0.09579,11.09936
3,738,54.63907257388117,-30.854731756371393,0.52845,0.10496,11.1137
3,739,54.62566772133674,-30.987778233901984,0.57757,0.11468,11.12816
3,740,54.56941544991056,-30.981070985672794,0.62946,0.12495,11.14263
3,741,54.675349904853455,-30.902770415290153,0.68396,0.13573,11.15597
3,742,54.741385176991145,-30.83789644075621,0.74073,0.14695,11.16409
3,743,54.74029010802388,-30.842630771529276,0.79961,0.15859,11.15787
3,744,54.73652773719405,-30.964535906610486,0.86051,0.17063,11.15185
3,745,54.84691955295004,-30.834565140508147,0.92342,0.18306,11.14729
3,746,54.74820522703058,-30.81624285810118,0.98832,0.19588,11.15126
3,747,54.9272777461559,-30.85985328877239,1.05516,0.20909,11.16597
3,748,54.96277368321265,-30.88766338291917,1.1238,0.22266,11.17341
3,749,55.00708737497347,-30.89581806446366,1.19428,0.2366,11.16747
3,750,54.964517951904625,-30.87788637181924,1.26646,0.25089,11.16776
3,751,55.02778130404177,-30.930051462389617,1.34031,0.26552,11.16617
3,752,55.153455062946136,-30.808934004438733,1.4158,0.28049,11.17179
3,753,55.25555366046319,-30.82239256271397,1.49291,0.29581,11.18395
3,754,55.23464127641846,-30.709125092601518,1.57155,0.31147,11.20277
3,755,55.349248960403216,-30.72688392377822,1.65146,0.32741,11.2139
3,756,55.34482378646325,-30.747259767916123,1.73221,0.34357,11.21764
3,757,55.31975893835042,-30.7580032726231,1.81341,0.35987,11.22572
3,758,55.4153888833126,-30.663545001802426,1.89471,0.37626,11.22785
3,759,55.53524517236812,-30.621710739346977,1.97607,0.39274,11.2242
3,760,55.637722505080035,-30.708546247053338,2.05733,0.40928,11.21962
3,761,55.74347186820469,-30.672357813188274,2.13851,0.42591,11.20952
3,762,55.929108166895354,-30.69434773687883,2.21977,0.44266,11.20231
3,763,56.03877158421078,-30.621433511789036,2.30094,0.45952,11.20331
3,764,55.95411062962768,-30.57968398108804,2.38187,0.47646,11.20629
3,765,56.186748186263884,-30.56466145805152,2.46231,0.49345,11.22125
3,766,56.14021262048152,-30.539994809984453,2.54224,0.51049,11.23409
3,767,56.316571888650536,-30.54873996545901,2.62143,0.52753,11.23963
3,768,56.37444518605091,-30.58520247928234,2.69974,0.54456,11.24509
3,769,56.51209653158137,-30.56443594093016,2.77704,0.56153,11.24064
3,770,56.5395156523233,-30.49576205158756,2.85318,0.57842,11.22641
3,771,56.66882619239261,-30.490466256026824,2.92824,0.59521,11.20319
3,772,56.99453561249794,-30.410233458992824,3.00217,0.61188,11.16224
3,773,57.008375227468356,-30.403143754919874,3.07504,0.62839,11.11132
3,774,57.071081544643874,-30.39529969346719,3.14699,0.64473,11.04948
3,775,57.22723125903678,-30.329561079866362,3.2185,0.6613,10.99
3,776,57.40982170623824,-30.380090474817248,3.29008,0.67812,10.95603
3,777,57.574167545192054,-30.38853534825375,3.36215,0.69519,10.9833
3,778,57.59963409259309,-30.386349677351262,3.43431,0.71231,11.04019
3,779,57.759394615890756,-30.23875474338275,3.5063,0.72931,11.11891
3,780,57.92132010684023,-30.30169955657869,3.57793,0.74598,11.20684
3,781,58.040497528165616,-30.19624106606836,3.64909,0.7621,11.2893
3,782,58.32355298647789,-30.227217493947315,3.71989,0.77784,11.35855
3,783,58.34440085221407,-30.121478978633785,3.79077,0.79341,11.42834
3,784,58.48240268678821,-30.08074112268936,3.86172,0.80851,11.4944
3,785,58.711282044527906,-30.033144513888598,3.93251,0.82313,11.55927
3,786,58.87032207174153,-29.9937423297444,4.00329,0.83768,11.61118
3,787,59.0027595985249,-29.9603806689934,4.07393,0.85249,11.64804
3,788,59.177718783614615,-29.942118812410172,4.14436,0.86747,11.68287
3,789,59.38829073754235,-29.940037133097537,4.21439,0.88289,11.71846
3,790,59.508645137201036,-29.917705997510254,4.28373,0.89892,11.75183
3,791,59.583619500568844,-29.905760870165025,4.35233,0.91542,11.8013
3,792,59.890345390265566,-29.81294090050827,4.41988,0.93249,11.86022
3,793,60.14116546750812,-29.80721146107996,4.48611,0.95024,11.92695
3,794,60.187041883708034,-29.812430559345035,4.5508,0.96872,12.01943
3,795,60.362501364759595,-29.63760538367172,4.61406,0.98803,12.13074
3,796,60.58965125071945,-29.63714670404499,4.67556,1.0081,12.26572
3,797,60.773577115063695,-29.633071343069698,4.73519,1.02889,12.41426
3,798,60.88610375988903,-29.57683207589585,4.7927,1.05026,12.57521
3,799,61.12628286255607,-29.56396021027459,4.84757,1.07194,12.72725
3,800,61.305512242269316,-29.495573538487328,4.89869,1.09346,12.84969
3,801,61.554729427416795,-29.423687019245527,4.94565,1.11443,12.97694
3,802,61.713528105304576,-29.425525597488416,4.98868,1.13482,13.10397
3,803,61.878498342926676,-29.392095926916237,5.02728,1.15437,13.24589
3,804,62.167698314254494,-29.306918135994323,5.0612,1.17276,13.38875
3,805,62.35983392823644,-29.264280728025348,5.09044,1.18957,13.51696
3,806,62.60430232091631,-29.239516675978205,5.11453,1.20453,13.62937
3,807,62.69930203910081,-29.12853195261954,5.13373,1.21774,13.73197
3,808,62.96817251627688,-29.165977801228095,5.14815,1.2291,13.82348
3,809,63.26292970877383,-29.065363082767902,5.15832,1.23882,13.89353
3,810,63.406360709754985,-29.015943173637,5.16495,1.24698,13.93702
3,811,63.66319857963162,-28.98570762778546,5.16924,1.25358,13.94746
3,812,63.825961710157316,-28.89799126116905,5.17146,1.25863,13.92238
3,813,63.98140163357545,-28.827469885173286,5.17166,1.2619,13.87223
3,814,64.20994832907265,-28.90750087775101,5.17037,1.26309,13.79595
3,815,64.43556416816713,-28.782139331478355,5.16794,1.26164,13.71011
3,816,64.66959453221453,-28.702481679100586,5.16479,1.25792,13.59695
3,817,64.86286732917915,-28.62692317457975,5.16138,1.25248,13.48191
3,818,65.05840194763637,-28.667227885628304,5.1579,1.24567,13.35831
3,819,65.259504310927,-28.593309181241047,5.15459,1.23795,13.24249
3,820,65.53571999999053,-28.4062241020699,5.15157,1.22958,13.14308
3,821,65.65309938316601,-28.517006171776778,5.1494,1.22094,13.04543
3,822,65.88193596355678,-28.410074772941293,5.14876,1.21253,12.97718
3,823,66.03527655249299,-28.358134108261854,5.14978,1.20456,12.92537
3,824,66.24854322032468,-28.328921343650347,5.15278,1.19717,12.89314
3,825,66.46196705210684,-28.24927976176802,5.15818,1.19073,12.87347
3,826,66.61956839995807,-28.235009235157534,5.16655,1.18552,12.868
3,827,66.97622019187514,-28.183278158630284,5.17795,1.18159,12.88353
3,828,67.12529312675518,-28.232857193349005,5.19257,1.1789,12.88354
3,829,67.33203245075144,-28.079585616307895,5.20864,1.17691,12.85557
3,830,67.43812894967024,-28.050898206986407,5.22651,1.17575,12.80973
3,831,67.7067711037474,-28.081419920442425,5.24631,1.17541,12.7709
3,832,67.90764892054445,-28.009581863572155,5.26791,1.17571,12.73324
3,833,68.14581213139482,-27.800440556070015,5.29125,1.17638,12.68193
3,834,68.32971046544644,-27.830337783234945,5.31627,1.17742,12.62741
3,835,68.68240675737033,-27.856057237554914,5.34291,1.17874,12.57905
3,836,68.72267528676666,-27.719174628482328,5.37111,1.18052,12.52741
3,837,68.92035258192499,-27.81632080881435,5.40084,1.18247,12.46874
3,838,69.13407832677086,-27.637952024474238,5.43164,1.18445,12.39577
3,839,69.52422004740747,-27.717276197367973,5.46334,1.18633,12.30747
3,840,69.63012305506251,-27.57483140597053,5.49559,1.18826,12.23235
3,841,69.82413093317578,-27.41715911812395,5.52829,1.19034,12.16019
3,842,70.08456746428209,-27.450809507467998,5.56157,1.19267,12.08454
3,843,70.36485222691233,-27.446774720383928,5.59539,1.19522,12.02171
3,844,70.53046573740829,-27.419559293762372,5.62951,1.19787,11.96605
3,845,70.85474014152848,-27.370236466720144,5.66383,1.20047,11.91768
3,846,70.98787077618708,-27.22546817096842,5.69836,1.20279,11.86665
3,847,71.2210612426777,-27.207079605029453,5.73312,1.20496,11.81073
3,848,71.42175917976111,-27.144134912911195,5.76818,1.20702,11.75959
3,849,71.67972346629968,-27.210177731928997,5.80363,1.20898,11.7122
3,850,71.95298103700664,-27.054533312801407,5.83956,1.2108,11.64548
3,851,72.2617528307907,-27.09963154436914,5.87598,1.21275,11.58238
3,852,72.35522936511707,-26.952042841655583,5.91245,1.21496,11.52626
3,853,72.61388944325324,-26.97347974914066,5.94881,1.21759,11.48194
3,854,72.93786795210407,-26.906797371102748,5.9851,1.22083,11.45292
3,855,73.13677480438153,-26.82256696563511,6.02159,1.22486,11.42978
3,856,73.29218321256015,-26.794480856938662,6.05835,1.22982,11.41205
3,857,73.66666827130928,-26.819693710498257,6.09562,1.23586,11.40332
3,858,73.91512770431903,-26.727762838386372,6.13337,1.24306,11.39725
3,859,74.10107878955056,-26.59205285870799,6.17133,1.25143,11.39884
3,860,74.33158510351264,-26.612611889673897,6.20926,1.26097,11.41558
3,861,74.66734609182926,-26.550510333700682,6.24694,1.27168,11.43429
3,862,74.84325379441147,-26.40711062595962,6.28449,1.28359,11.45915
3,863,75.1169771915743,-26.456500158566335,6.32199,1.29671,11.49058
3,864,75.39500689855865,-26.373377200481308,6.35909,1.31094,11.53094
3,865,75.5870463148518,-26.409587587475247,6.39567,1.32619,11.56201
3,866,75.83638594874097,-26.280289180436622,6.43185,1.34237,11.57838
3,867,76.12800514889874,-26.25874926668926,6.46785,1.35974,11.61177
3,868,76.31069889192857,-26.073021706857556,6.50378,1.37813,11.64942
3,869,76.59803262066724,-26.17670258200098,6.53909,1.39752,11.69592
3,870,76.85403306415019,-26.11586033587243,6.57369,1.41793,11.75114
3,871,77.12149433710788,-26.049304959172055,6.6079,1.4394,11.81615
3,872,77.45241785214039,-25.93267056938173,6.64209,1.46187,11.90306
3,873,77.6808415620028,-25.923175735475688,6.67629,1.4851,12.0143
3,874,77.97561785495284,-25.840179164244166,6.71045,1.50912,12.12773
3,875,78.23607515439667,-25.878120721958,6.7445,1.53379,12.24913
3,876,78.55893122191424,-25.715524165232836,6.77828,1.55885,12.37183
3,877,78.79910028510439,-25.676904374526604,6.81188,1.58389,12.49626
3,878,79.03265046756867,-25.617030496226405,6.84521,1.60869,12.61682
3,879,79.2941510916002,-25.45041752830198,6.87801,1.63277,12.73168
3,880,79.58203404421786,-25.40109856597761,6.91005,1.65633,12.84078
3,881,79.87689800255465,-25.358600855068122,6.94122,1.67926,12.94238
3,882,80.15619327159301,-25.286836830290394,6.97157,1.70124,13.03911
3,883,80.4686882013259,-25.311861755797246,7.0014,1.72249,13.13619
3,884,80.74937987832736,-25.126648069766606,7.03076,1.74294,13.22777
3,885,80.96733453091274,-25.221447931997783,7.0605,1.76257,13.33582
3,886,81.30941196236056,-25.205836300797518,7.09032,1.78118,13.44646
3,887,81.52636992046057,-24.973542869718237,7.12019,1.79856,13.56528
3,888,81.81840325508603,-24.885008314828216,7.14998,1.81458,13.67821
3,889,82.02707734351546,-24.812630707015096,7.17945,1.82915,13.78394
3,890,82.42960816097886,-24.70741966544803,7.20887,1.84229,13.8646
3,891,82.82587091766203,-24.727831728791024,7.23808,1.85362,13.93991
3,892,82.8909131992981,-24.51798806541645,7.26731,1.8632,13.99202
3,893,83.31676788565228,-24.49626182990146,7.29657,1.87103,14.02967
3,894,83.51486800107831,-24.44729772712122,7.32573,1.87702,14.05906
3,895,83.85659713115601,-24.417381748595663,7.35506,1.88102,14.07339
3,896,84.15337382032531,-24.30066773932096,7.38452,1.88325,14.08309
3,897,84.46347195014854,-24.131227972579403,7.41436,1.88389,14.07535
3,898,84.66390900618752,-24.138118185383636,7.44457,1.88304,14.06496
3,899,85.1063318406344,-24.012134020316754,7.47511,1.88096,14.04376
3,900,85.29858007450318,-23.984706622057892,7.50556,1.8778,14.0224
3,901,85.62490818821752,-23.953673550929715,7.53576,1.87376,14.00301
3,902,85.96062189853696,-23.843503890980273,7.56553,1.86881,13.95868
3,903,86.23321038674888,-23.701388169700014,7.59488,1.86312,13.89991
3,904,86.6154419233177,-23.654078467579797,7.62398,1.85714,13.83159
3,905,86.81217944800373,-23.685277164919437,7.65266,1.85093,13.75314
3,906,87.16797516459712,-23.53046936399194,7.6815,1.8447,13.67466
3,907,87.49177112429628,-23.47113873908455,7.71059,1.8386,13.58054
3,908,87.79536210357706,-23.370797814338644,7.7403,1.83192,13.47957
3,909,88.11760707468788,-23.3183781714891,7.77034,1.8246,13.36285
3,910,88.37658336218823,-23.341913205439106,7.80039,1.81678,13.2553
3,911,88.78495094605177,-23.21762787321391,7.83024,1.80843,13.14916
3,912,89.16783266029763,-23.113511721330386,7.85973,1.79929,13.03328
3,913,89.41641403279756,-23.074022369916477,7.88872,1.78928,12.92869
3,914,89.61260659586142,-22.946539709788308,7.91699,1.7785,12.81392
3,915,89.96157914378284,-22.972601842581636,7.94462,1.76718,12.68391
3,916,90.32607479157178,-22.828115348329156,7.97167,1.75553,12.56437
3,917,90.63539181186506,-22.702984164572552,7.99812,1.74357,12.4354
3,918,90.9959200467516,-22.75406537598885,8.02391,1.73119,12.30246
3,919,91.25089398177347,-22.566594243159955,8.04923,1.71824,12.16381
3,920,91.57125853305834,-22.681643917099354,8.07405,1.70478,12.02347
3,921,91.89495776297993,-22.475222040794588,8.09827,1.69074,11.89506
3,922,92.25244735147939,-22.440356963757463,8.12194,1.67605,11.77788
3,923,92.56173267620495,-22.325752307184136,8.14488,1.66084,11.67363
3,924,92.9294604841007,-22.24817728045306,8.16672,1.64519,11.5716
3,925,93.29344206841384,-22.236582425086194,8.18754,1.62926,11.47027
3,926,93.57196885773233,-22.245422523327505,8.20754,1.61319,11.36306
3,927,93.86891696697352,-22.092889676357185,8.22702,1.59719,11.25395
3,928,94.16193101618977,-22.021116980929477,8.24601,1.5814,11.1371
3,929,94.5003610967516,-22.043585654040395,8.26504,1.56576,11.0219
3,930,94.89690664588008,-21.90916718436096,8.28431,1.55019,10.90331
3,931,95.21051554116862,-21.890197937272088,8.30409,1.53469,10.77897
3,932,95.37995153833144,-21.788050186649954,8.32432,1.51926,10.65006
3,933,95.89584016636086,-21.68775557420241,8.34491,1.50404,10.51429
